Workbook

Sheet マスタ
A1: 従業員番号 | B1: 氏名 | C1: 所属 | D1: 基本給 | E1: 役職手当 | F1: 通勤手当
A2: 001 | B2: 山田 太郎 | C2: 営業部 | D2: 350000 | E2: 30000 | F2: 15000
A3: 002 | B3: 鈴木 花子 | C3: 経理部 | D3: 280000 | E3: 0 | F3: 10000
A4: 003 | B4: 田中 一郎 | C4: 総務部 | D4: 320000 | E4: 20000 | F4: 12000

Sheet 1月
A1: 給与台帳 1月分
A2: 会社名：株式会社サンプル | L2: 作成日：2026年1月
A3: 基本情報 | D3: 勤 怠 情 報 | I3: 支 給 項 目 | O3: 控 除 項 目 | V3: 差引 支給額
A4: 従業員 番号 | B4: 氏名 | C4: 所属 | D4: 所定 労働日数 | E4: 出勤 日数 | F4: 欠勤 日数 | G4: 有給 取得日数 | H4: 残業 時間 | I4: 基本給 | J4: 役職 手当 | K4: 残業 手当 | L4: 通勤 手当 | M4: その他 手当 | N4: 支給 合計 | O4: 健康 保険 | P4: 厚生 年金 | Q4: 雇用 保険 | R4: 所得税 | S4: 住民税 | T4: その他 控除 | U4: 控除 合計 | V4: 差引 支給額
A5: 001 | B5: =IF(A5="","",IFERROR(VLOOKUP(A5,'マスタ'!$A:$F,2,FALSE),"")) | C5: =IF(A5="","",IFERROR(VLOOKUP(A5,'マスタ'!$A:$F,3,FALSE),"")) | D5: 20 | E5: 20 | F5: 0 | G5: 0 | H5: 10 | I5: =IF(A5="",0,IFERROR(VLOOKUP(A5,'マスタ'!$A:$F,4,FALSE),0)) | J5: =IF(A5="",0,IFERROR(VLOOKUP(A5,'マスタ'!$A:$F,5,FALSE),0)) | K5: =IF(A5="",0,ROUND(I5/160*1.25*H5,0)) | L5: =IF(A5="",0,IFERROR(VLOOKUP(A5,'マスタ'!$A:$F,6,FALSE),0)) | M5: 0 | N5: =SUM(I5:M5) | O5: 17500 | P5: 32490 | Q5: 2100 | R5: 8500 | S5: 12000 | T5: 0 | U5: =SUM(O5:T5) | V5: =N5-U5
A6: 002 | B6: =IF(A6="","",IFERROR(VLOOKUP(A6,'マスタ'!$A:$F,2,FALSE),"")) | C6: =IF(A6="","",IFERROR(VLOOKUP(A6,'マスタ'!$A:$F,3,FALSE),"")) | D6: 20 | E6: 19 | F6: 1 | G6: 1 | H6: 5 | I6: =IF(A6="",0,IFERROR(VLOOKUP(A6,'マスタ'!$A:$F,4,FALSE),0)) | J6: =IF(A6="",0,IFERROR(VLOOKUP(A6,'マスタ'!$A:$F,5,FALSE),0)) | K6: =IF(A6="",0,ROUND(I6/160*1.25*H6,0)) | L6: =IF(A6="",0,IFERROR(VLOOKUP(A6,'マスタ'!$A:$F,6,FALSE),0)) | M6: 0 | N6: =SUM(I6:M6) | O6: 14000 | P6: 25990 | Q6: 1680 | R6: 5500 | S6: 9000 | T6: 0 | U6: =SUM(O6:T6) | V6: =N6-U6
A7: 003 | B7: =IF(A7="","",IFERROR(VLOOKUP(A7,'マスタ'!$A:$F,2,FALSE),"")) | C7: =IF(A7="","",IFERROR(VLOOKUP(A7,'マスタ'!$A:$F,3,FALSE),"")) | D7: 20 | E7: 20 | F7: 0 | G7: 2 | H7: 15 | I7: =IF(A7="",0,IFERROR(VLOOKUP(A7,'マスタ'!$A:$F,4,FALSE),0)) | J7: =IF(A7="",0,IFERROR(VLOOKUP(A7,'マスタ'!$A:$F,5,FALSE),0)) | K7: =IF(A7="",0,ROUND(I7/160*1.25*H7,0)) | L7: =IF(A7="",0,IFERROR(VLOOKUP(A7,'マスタ'!$A:$F,6,FALSE),0)) | M7: 0 | N7: =SUM(I7:M7) | O7: 16000 | P7: 29730 | Q7: 1920 | R7: 7000 | S7: 10500 | T7: 0 | U7: =SUM(O7:T7) | V7: =N7-U7
B8: =IF(A8="","",IFERROR(VLOOKUP(A8,'マスタ'!$A:$F,2,FALSE),"")) | C8: =IF(A8="","",IFERROR(VLOOKUP(A8,'マスタ'!$A:$F,3,FALSE),"")) | I8: =IF(A8="",0,IFERROR(VLOOKUP(A8,'マスタ'!$A:$F,4,FALSE),0)) | J8: =IF(A8="",0,IFERROR(VLOOKUP(A8,'マスタ'!$A:$F,5,FALSE),0)) | K8: =IF(A8="",0,ROUND(I8/160*1.25*H8,0)) | L8: =IF(A8="",0,IFERROR(VLOOKUP(A8,'マスタ'!$A:$F,6,FALSE),0)) | N8: =SUM(I8:M8) | U8: =SUM(O8:T8) | V8: =N8-U8
B9: =IF(A9="","",IFERROR(VLOOKUP(A9,'マスタ'!$A:$F,2,FALSE),"")) | C9: =IF(A9="","",IFERROR(VLOOKUP(A9,'マスタ'!$A:$F,3,FALSE),"")) | I9: =IF(A9="",0,IFERROR(VLOOKUP(A9,'マスタ'!$A:$F,4,FALSE),0)) | J9: =IF(A9="",0,IFERROR(VLOOKUP(A9,'マスタ'!$A:$F,5,FALSE),0)) | K9: =IF(A9="",0,ROUND(I9/160*1.25*H9,0)) | L9: =IF(A9="",0,IFERROR(VLOOKUP(A9,'マスタ'!$A:$F,6,FALSE),0)) | N9: =SUM(I9:M9) | U9: =SUM(O9:T9) | V9: =N9-U9
B10: =IF(A10="","",IFERROR(VLOOKUP(A10,'マスタ'!$A:$F,2,FALSE),"")) | C10: =IF(A10="","",IFERROR(VLOOKUP(A10,'マスタ'!$A:$F,3,FALSE),"")) | I10: =IF(A10="",0,IFERROR(VLOOKUP(A10,'マスタ'!$A:$F,4,FALSE),0)) | J10: =IF(A10="",0,IFERROR(VLOOKUP(A10,'マスタ'!$A:$F,5,FALSE),0)) | K10: =IF(A10="",0,ROUND(I10/160*1.25*H10,0)) | L10: =IF(A10="",0,IFERROR(VLOOKUP(A10,'マスタ'!$A:$F,6,FALSE),0)) | N10: =SUM(I10:M10) | U10: =SUM(O10:T10) | V10: =N10-U10
B11: =IF(A11="","",IFERROR(VLOOKUP(A11,'マスタ'!$A:$F,2,FALSE),"")) | C11: =IF(A11="","",IFERROR(VLOOKUP(A11,'マスタ'!$A:$F,3,FALSE),"")) | I11: =IF(A11="",0,IFERROR(VLOOKUP(A11,'マスタ'!$A:$F,4,FALSE),0)) | J11: =IF(A11="",0,IFERROR(VLOOKUP(A11,'マスタ'!$A:$F,5,FALSE),0)) | K11: =IF(A11="",0,ROUND(I11/160*1.25*H11,0)) | L11: =IF(A11="",0,IFERROR(VLOOKUP(A11,'マスタ'!$A:$F,6,FALSE),0)) | N11: =SUM(I11:M11) | U11: =SUM(O11:T11) | V11: =N11-U11
B12: =IF(A12="","",IFERROR(VLOOKUP(A12,'マスタ'!$A:$F,2,FALSE),"")) | C12: =IF(A12="","",IFERROR(VLOOKUP(A12,'マスタ'!$A:$F,3,FALSE),"")) | I12: =IF(A12="",0,IFERROR(VLOOKUP(A12,'マスタ'!$A:$F,4,FALSE),0)) | J12: =IF(A12="",0,IFERROR(VLOOKUP(A12,'マスタ'!$A:$F,5,FALSE),0)) | K12: =IF(A12="",0,ROUND(I12/160*1.25*H12,0)) | L12: =IF(A12="",0,IFERROR(VLOOKUP(A12,'マスタ'!$A:$F,6,FALSE),0)) | N12: =SUM(I12:M12) | U12: =SUM(O12:T12) | V12: =N12-U12
B13: =IF(A13="","",IFERROR(VLOOKUP(A13,'マスタ'!$A:$F,2,FALSE),"")) | C13: =IF(A13="","",IFERROR(VLOOKUP(A13,'マスタ'!$A:$F,3,FALSE),"")) | I13: =IF(A13="",0,IFERROR(VLOOKUP(A13,'マスタ'!$A:$F,4,FALSE),0)) | J13: =IF(A13="",0,IFERROR(VLOOKUP(A13,'マスタ'!$A:$F,5,FALSE),0)) | K13: =IF(A13="",0,ROUND(I13/160*1.25*H13,0)) | L13: =IF(A13="",0,IFERROR(VLOOKUP(A13,'マスタ'!$A:$F,6,FALSE),0)) | N13: =SUM(I13:M13) | U13: =SUM(O13:T13) | V13: =N13-U13
B14: =IF(A14="","",IFERROR(VLOOKUP(A14,'マスタ'!$A:$F,2,FALSE),"")) | C14: =IF(A14="","",IFERROR(VLOOKUP(A14,'マスタ'!$A:$F,3,FALSE),"")) | I14: =IF(A14="",0,IFERROR(VLOOKUP(A14,'マスタ'!$A:$F,4,FALSE),0)) | J14: =IF(A14="",0,IFERROR(VLOOKUP(A14,'マスタ'!$A:$F,5,FALSE),0)) | K14: =IF(A14="",0,ROUND(I14/160*1.25*H14,0)) | L14: =IF(A14="",0,IFERROR(VLOOKUP(A14,'マスタ'!$A:$F,6,FALSE),0)) | N14: =SUM(I14:M14) | U14: =SUM(O14:T14) | V14: =N14-U14
A15: 合 計 | D15: =SUM(D5:D14) | E15: =SUM(E5:E14) | F15: =SUM(F5:F14) | G15: =SUM(G5:G14) | H15: =SUM(H5:H14) | I15: =SUM(I5:I14) | J15: =SUM(J5:J14) | K15: =SUM(K5:K14) | ... V15: =SUM(V5:V14)

Sheet 2月
A1: 給与台帳 2月分
A2: 会社名：株式会社サンプル | L2: 作成日：2026年2月
A3: 基本情報 | D3: 勤 怠 情 報 | I3: 支 給 項 目 | O3: 控 除 項 目 | V3: 差引 支給額
A4: 従業員 番号 | B4: 氏名 | C4: 所属 | D4: 所定 労働日数 | E4: 出勤 日数 | F4: 欠勤 日数 | G4: 有給 取得日数 | H4: 残業 時間 | I4: 基本給 | J4: 役職 手当 | K4: 残業 手当 | L4: 通勤 手当 | M4: その他 手当 | N4: 支給 合計 | O4: 健康 保険 | P4: 厚生 年金 | Q4: 雇用 保険 | R4: 所得税 | S4: 住民税 | T4: その他 控除 | U4: 控除 合計 | V4: 差引 支給額
A5: 001 | B5: =IF(A5="","",IFERROR(VLOOKUP(A5,'マスタ'!$A:$F,2,FALSE),"")) | C5: =IF(A5="","",IFERROR(VLOOKUP(A5,'マスタ'!$A:$F,3,FALSE),"")) | D5: 20 | E5: 20 | F5: 0 | G5: 0 | H5: 10 | I5: =IF(A5="",0,IFERROR(VLOOKUP(A5,'マスタ'!$A:$F,4,FALSE),0)) | J5: =IF(A5="",0,IFERROR(VLOOKUP(A5,'マスタ'!$A:$F,5,FALSE),0)) | K5: =IF(A5="",0,ROUND(I5/160*1.25*H5,0)) | L5: =IF(A5="",0,IFERROR(VLOOKUP(A5,'マスタ'!$A:$F,6,FALSE),0)) | M5: 0 | N5: =SUM(I5:M5) | O5: 17500 | P5: 32490 | Q5: 2100 | R5: 8500 | S5: 12000 | T5: 0 | U5: =SUM(O5:T5) | V5: =N5-U5
A6: 002 | B6: =IF(A6="","",IFERROR(VLOOKUP(A6,'マスタ'!$A:$F,2,FALSE),"")) | C6: =IF(A6="","",IFERROR(VLOOKUP(A6,'マスタ'!$A:$F,3,FALSE),"")) | D6: 20 | E6: 19 | F6: 1 | G6: 1 | H6: 5 | I6: =IF(A6="",0,IFERROR(VLOOKUP(A6,'マスタ'!$A:$F,4,FALSE),0)) | J6: =IF(A6="",0,IFERROR(VLOOKUP(A6,'マスタ'!$A:$F,5,FALSE),0)) | K6: =IF(A6="",0,ROUND(I6/160*1.25*H6,0)) | L6: =IF(A6="",0,IFERROR(VLOOKUP(A6,'マスタ'!$A:$F,6,FALSE),0)) | M6: 0 | N6: =SUM(I6:M6) | O6: 14000 | P6: 25990 | Q6: 1680 | R6: 5500 | S6: 9000 | T6: 0 | U6: =SUM(O6:T6) | V6: =N6-U6
A7: 003 | B7: =IF(A7="","",IFERROR(VLOOKUP(A7,'マスタ'!$A:$F,2,FALSE),"")) | C7: =IF(A7="","",IFERROR(VLOOKUP(A7,'マスタ'!$A:$F,3,FALSE),"")) | D7: 20 | E7: 20 | F7: 0 | G7: 2 | H7: 15 | I7: =IF(A7="",0,IFERROR(VLOOKUP(A7,'マスタ'!$A:$F,4,FALSE),0)) | J7: =IF(A7="",0,IFERROR(VLOOKUP(A7,'マスタ'!$A:$F,5,FALSE),0)) | K7: =IF(A7="",0,ROUND(I7/160*1.25*H7,0)) | L7: =IF(A7="",0,IFERROR(VLOOKUP(A7,'マスタ'!$A:$F,6,FALSE),0)) | M7: 0 | N7: =SUM(I7:M7) | O7: 16000 | P7: 29730 | Q7: 1920 | R7: 7000 | S7: 10500 | T7: 0 | U7: =SUM(O7:T7) | V7: =N7-U7
B8: =IF(A8="","",IFERROR(VLOOKUP(A8,'マスタ'!$A:$F,2,FALSE),"")) | C8: =IF(A8="","",IFERROR(VLOOKUP(A8,'マスタ'!$A:$F,3,FALSE),"")) | I8: =IF(A8="",0,IFERROR(VLOOKUP(A8,'マスタ'!$A:$F,4,FALSE),0)) | J8: =IF(A8="",0,IFERROR(VLOOKUP(A8,'マスタ'!$A:$F,5,FALSE),0)) | K8: =IF(A8="",0,ROUND(I8/160*1.25*H8,0)) | L8: =IF(A8="",0,IFERROR(VLOOKUP(A8,'マスタ'!$A:$F,6,FALSE),0)) | N8: =SUM(I8:M8) | U8: =SUM(O8:T8) | V8: =N8-U8
B9: =IF(A9="","",IFERROR(VLOOKUP(A9,'マスタ'!$A:$F,2,FALSE),"")) | C9: =IF(A9="","",IFERROR(VLOOKUP(A9,'マスタ'!$A:$F,3,FALSE),"")) | I9: =IF(A9="",0,IFERROR(VLOOKUP(A9,'マスタ'!$A:$F,4,FALSE),0)) | J9: =IF(A9="",0,IFERROR(VLOOKUP(A9,'マスタ'!$A:$F,5,FALSE),0)) | K9: =IF(A9="",0,ROUND(I9/160*1.25*H9,0)) | L9: =IF(A9="",0,IFERROR(VLOOKUP(A9,'マスタ'!$A:$F,6,FALSE),0)) | N9: =SUM(I9:M9) | U9: =SUM(O9:T9) | V9: =N9-U9
B10: =IF(A10="","",IFERROR(VLOOKUP(A10,'マスタ'!$A:$F,2,FALSE),"")) | C10: =IF(A10="","",IFERROR(VLOOKUP(A10,'マスタ'!$A:$F,3,FALSE),"")) | I10: =IF(A10="",0,IFERROR(VLOOKUP(A10,'マスタ'!$A:$F,4,FALSE),0)) | J10: =IF(A10="",0,IFERROR(VLOOKUP(A10,'マスタ'!$A:$F,5,FALSE),0)) | K10: =IF(A10="",0,ROUND(I10/160*1.25*H10,0)) | L10: =IF(A10="",0,IFERROR(VLOOKUP(A10,'マスタ'!$A:$F,6,FALSE),0)) | N10: =SUM(I10:M10) | U10: =SUM(O10:T10) | V10: =N10-U10
B11: =IF(A11="","",IFERROR(VLOOKUP(A11,'マスタ'!$A:$F,2,FALSE),"")) | C11: =IF(A11="","",IFERROR(VLOOKUP(A11,'マスタ'!$A:$F,3,FALSE),"")) | I11: =IF(A11="",0,IFERROR(VLOOKUP(A11,'マスタ'!$A:$F,4,FALSE),0)) | J11: =IF(A11="",0,IFERROR(VLOOKUP(A11,'マスタ'!$A:$F,5,FALSE),0)) | K11: =IF(A11="",0,ROUND(I11/160*1.25*H11,0)) | L11: =IF(A11="",0,IFERROR(VLOOKUP(A11,'マスタ'!$A:$F,6,FALSE),0)) | N11: =SUM(I11:M11) | U11: =SUM(O11:T11) | V11: =N11-U11
B12: =IF(A12="","",IFERROR(VLOOKUP(A12,'マスタ'!$A:$F,2,FALSE),"")) | C12: =IF(A12="","",IFERROR(VLOOKUP(A12,'マスタ'!$A:$F,3,FALSE),"")) | I12: =IF(A12="",0,IFERROR(VLOOKUP(A12,'マスタ'!$A:$F,4,FALSE),0)) | J12: =IF(A12="",0,IFERROR(VLOOKUP(A12,'マスタ'!$A:$F,5,FALSE),0)) | K12: =IF(A12="",0,ROUND(I12/160*1.25*H12,0)) | L12: =IF(A12="",0,IFERROR(VLOOKUP(A12,'マスタ'!$A:$F,6,FALSE),0)) | N12: =SUM(I12:M12) | U12: =SUM(O12:T12) | V12: =N12-U12
B13: =IF(A13="","",IFERROR(VLOOKUP(A13,'マスタ'!$A:$F,2,FALSE),"")) | C13: =IF(A13="","",IFERROR(VLOOKUP(A13,'マスタ'!$A:$F,3,FALSE),"")) | I13: =IF(A13="",0,IFERROR(VLOOKUP(A13,'マスタ'!$A:$F,4,FALSE),0)) | J13: =IF(A13="",0,IFERROR(VLOOKUP(A13,'マスタ'!$A:$F,5,FALSE),0)) | K13: =IF(A13="",0,ROUND(I13/160*1.25*H13,0)) | L13: =IF(A13="",0,IFERROR(VLOOKUP(A13,'マスタ'!$A:$F,6,FALSE),0)) | N13: =SUM(I13:M13) | U13: =SUM(O13:T13) | V13: =N13-U13
B14: =IF(A14="","",IFERROR(VLOOKUP(A14,'マスタ'!$A:$F,2,FALSE),"")) | C14: =IF(A14="","",IFERROR(VLOOKUP(A14,'マスタ'!$A:$F,3,FALSE),"")) | I14: =IF(A14="",0,IFERROR(VLOOKUP(A14,'マスタ'!$A:$F,4,FALSE),0)) | J14: =IF(A14="",0,IFERROR(VLOOKUP(A14,'マスタ'!$A:$F,5,FALSE),0)) | K14: =IF(A14="",0,ROUND(I14/160*1.25*H14,0)) | L14: =IF(A14="",0,IFERROR(VLOOKUP(A14,'マスタ'!$A:$F,6,FALSE),0)) | N14: =SUM(I14:M14) | U14: =SUM(O14:T14) | V14: =N14-U14
A15: 合 計 | D15: =SUM(D5:D14) | E15: =SUM(E5:E14) | F15: =SUM(F5:F14) | G15: =SUM(G5:G14) | H15: =SUM(H5:H14) | I15: =SUM(I5:I14) | J15: =SUM(J5:J14) | K15: =SUM(K5:K14) | ... V15: =SUM(V5:V14)

Sheet 3月
A1: 給与台帳 3月分
A2: 会社名：株式会社サンプル | L2: 作成日：2026年3月
A3: 基本情報 | D3: 勤 怠 情 報 | I3: 支 給 項 目 | O3: 控 除 項 目 | V3: 差引 支給額
A4: 従業員 番号 | B4: 氏名 | C4: 所属 | D4: 所定 労働日数 | E4: 出勤 日数 | F4: 欠勤 日数 | G4: 有給 取得日数 | H4: 残業 時間 | I4: 基本給 | J4: 役職 手当 | K4: 残業 手当 | L4: 通勤 手当 | M4: その他 手当 | N4: 支給 合計 | O4: 健康 保険 | P4: 厚生 年金 | Q4: 雇用 保険 | R4: 所得税 | S4: 住民税 | T4: その他 控除 | U4: 控除 合計 | V4: 差引 支給額
A5: 001 | B5: =IF(A5="","",IFERROR(VLOOKUP(A5,'マスタ'!$A:$F,2,FALSE),"")) | C5: =IF(A5="","",IFERROR(VLOOKUP(A5,'マスタ'!$A:$F,3,FALSE),"")) | D5: 20 | E5: 20 | F5: 0 | G5: 0 | H5: 10 | I5: =IF(A5="",0,IFERROR(VLOOKUP(A5,'マスタ'!$A:$F,4,FALSE),0)) | J5: =IF(A5="",0,IFERROR(VLOOKUP(A5,'マスタ'!$A:$F,5,FALSE),0)) | K5: =IF(A5="",0,ROUND(I5/160*1.25*H5,0)) | L5: =IF(A5="",0,IFERROR(VLOOKUP(A5,'マスタ'!$A:$F,6,FALSE),0)) | M5: 0 | N5: =SUM(I5:M5) | O5: 17500 | P5: 32490 | Q5: 2100 | R5: 8500 | S5: 12000 | T5: 0 | U5: =SUM(O5:T5) | V5: =N5-U5
A6: 002 | B6: =IF(A6="","",IFERROR(VLOOKUP(A6,'マスタ'!$A:$F,2,FALSE),"")) | C6: =IF(A6="","",IFERROR(VLOOKUP(A6,'マスタ'!$A:$F,3,FALSE),"")) | D6: 20 | E6: 19 | F6: 1 | G6: 1 | H6: 5 | I6: =IF(A6="",0,IFERROR(VLOOKUP(A6,'マスタ'!$A:$F,4,FALSE),0)) | J6: =IF(A6="",0,IFERROR(VLOOKUP(A6,'マスタ'!$A:$F,5,FALSE),0)) | K6: =IF(A6="",0,ROUND(I6/160*1.25*H6,0)) | L6: =IF(A6="",0,IFERROR(VLOOKUP(A6,'マスタ'!$A:$F,6,FALSE),0)) | M6: 0 | N6: =SUM(I6:M6) | O6: 14000 | P6: 25990 | Q6: 1680 | R6: 5500 | S6: 9000 | T6: 0 | U6: =SUM(O6:T6) | V6: =N6-U6
A7: 003 | B7: =IF(A7="","",IFERROR(VLOOKUP(A7,'マスタ'!$A:$F,2,FALSE),"")) | C7: =IF(A7="","",IFERROR(VLOOKUP(A7,'マスタ'!$A:$F,3,FALSE),"")) | D7: 20 | E7: 20 | F7: 0 | G7: 2 | H7: 15 | I7: =IF(A7="",0,IFERROR(VLOOKUP(A7,'マスタ'!$A:$F,4,FALSE),0)) | J7: =IF(A7="",0,IFERROR(VLOOKUP(A7,'マスタ'!$A:$F,5,FALSE),0)) | K7: =IF(A7="",0,ROUND(I7/160*1.25*H7,0)) | L7: =IF(A7="",0,IFERROR(VLOOKUP(A7,'マスタ'!$A:$F,6,FALSE),0)) | M7: 0 | N7: =SUM(I7:M7) | O7: 16000 | P7: 29730 | Q7: 1920 | R7: 7000 | S7: 10500 | T7: 0 | U7: =SUM(O7:T7) | V7: =N7-U7
B8: =IF(A8="","",IFERROR(VLOOKUP(A8,'マスタ'!$A:$F,2,FALSE),"")) | C8: =IF(A8="","",IFERROR(VLOOKUP(A8,'マスタ'!$A:$F,3,FALSE),"")) | I8: =IF(A8="",0,IFERROR(VLOOKUP(A8,'マスタ'!$A:$F,4,FALSE),0)) | J8: =IF(A8="",0,IFERROR(VLOOKUP(A8,'マスタ'!$A:$F,5,FALSE),0)) | K8: =IF(A8="",0,ROUND(I8/160*1.25*H8,0)) | L8: =IF(A8="",0,IFERROR(VLOOKUP(A8,'マスタ'!$A:$F,6,FALSE),0)) | N8: =SUM(I8:M8) | U8: =SUM(O8:T8) | V8: =N8-U8
B9: =IF(A9="","",IFERROR(VLOOKUP(A9,'マスタ'!$A:$F,2,FALSE),"")) | C9: =IF(A9="","",IFERROR(VLOOKUP(A9,'マスタ'!$A:$F,3,FALSE),"")) | I9: =IF(A9="",0,IFERROR(VLOOKUP(A9,'マスタ'!$A:$F,4,FALSE),0)) | J9: =IF(A9="",0,IFERROR(VLOOKUP(A9,'マスタ'!$A:$F,5,FALSE),0)) | K9: =IF(A9="",0,ROUND(I9/160*1.25*H9,0)) | L9: =IF(A9="",0,IFERROR(VLOOKUP(A9,'マスタ'!$A:$F,6,FALSE),0)) | N9: =SUM(I9:M9) | U9: =SUM(O9:T9) | V9: =N9-U9
B10: =IF(A10="","",IFERROR(VLOOKUP(A10,'マスタ'!$A:$F,2,FALSE),"")) | C10: =IF(A10="","",IFERROR(VLOOKUP(A10,'マスタ'!$A:$F,3,FALSE),"")) | I10: =IF(A10="",0,IFERROR(VLOOKUP(A10,'マスタ'!$A:$F,4,FALSE),0)) | J10: =IF(A10="",0,IFERROR(VLOOKUP(A10,'マスタ'!$A:$F,5,FALSE),0)) | K10: =IF(A10="",0,ROUND(I10/160*1.25*H10,0)) | L10: =IF(A10="",0,IFERROR(VLOOKUP(A10,'マスタ'!$A:$F,6,FALSE),0)) | N10: =SUM(I10:M10) | U10: =SUM(O10:T10) | V10: =N10-U10
B11: =IF(A11="","",IFERROR(VLOOKUP(A11,'マスタ'!$A:$F,2,FALSE),"")) | C11: =IF(A11="","",IFERROR(VLOOKUP(A11,'マスタ'!$A:$F,3,FALSE),"")) | I11: =IF(A11="",0,IFERROR(VLOOKUP(A11,'マスタ'!$A:$F,4,FALSE),0)) | J11: =IF(A11="",0,IFERROR(VLOOKUP(A11,'マスタ'!$A:$F,5,FALSE),0)) | K11: =IF(A11="",0,ROUND(I11/160*1.25*H11,0)) | L11: =IF(A11="",0,IFERROR(VLOOKUP(A11,'マスタ'!$A:$F,6,FALSE),0)) | N11: =SUM(I11:M11) | U11: =SUM(O11:T11) | V11: =N11-U11
B12: =IF(A12="","",IFERROR(VLOOKUP(A12,'マスタ'!$A:$F,2,FALSE),"")) | C12: =IF(A12="","",IFERROR(VLOOKUP(A12,'マスタ'!$A:$F,3,FALSE),"")) | I12: =IF(A12="",0,IFERROR(VLOOKUP(A12,'マスタ'!$A:$F,4,FALSE),0)) | J12: =IF(A12="",0,IFERROR(VLOOKUP(A12,'マスタ'!$A:$F,5,FALSE),0)) | K12: =IF(A12="",0,ROUND(I12/160*1.25*H12,0)) | L12: =IF(A12="",0,IFERROR(VLOOKUP(A12,'マスタ'!$A:$F,6,FALSE),0)) | N12: =SUM(I12:M12) | U12: =SUM(O12:T12) | V12: =N12-U12
B13: =IF(A13="","",IFERROR(VLOOKUP(A13,'マスタ'!$A:$F,2,FALSE),"")) | C13: =IF(A13="","",IFERROR(VLOOKUP(A13,'マスタ'!$A:$F,3,FALSE),"")) | I13: =IF(A13="",0,IFERROR(VLOOKUP(A13,'マスタ'!$A:$F,4,FALSE),0)) | J13: =IF(A13="",0,IFERROR(VLOOKUP(A13,'マスタ'!$A:$F,5,FALSE),0)) | K13: =IF(A13="",0,ROUND(I13/160*1.25*H13,0)) | L13: =IF(A13="",0,IFERROR(VLOOKUP(A13,'マスタ'!$A:$F,6,FALSE),0)) | N13: =SUM(I13:M13) | U13: =SUM(O13:T13) | V13: =N13-U13
B14: =IF(A14="","",IFERROR(VLOOKUP(A14,'マスタ'!$A:$F,2,FALSE),"")) | C14: =IF(A14="","",IFERROR(VLOOKUP(A14,'マスタ'!$A:$F,3,FALSE),"")) | I14: =IF(A14="",0,IFERROR(VLOOKUP(A14,'マスタ'!$A:$F,4,FALSE),0)) | J14: =IF(A14="",0,IFERROR(VLOOKUP(A14,'マスタ'!$A:$F,5,FALSE),0)) | K14: =IF(A14="",0,ROUND(I14/160*1.25*H14,0)) | L14: =IF(A14="",0,IFERROR(VLOOKUP(A14,'マスタ'!$A:$F,6,FALSE),0)) | N14: =SUM(I14:M14) | U14: =SUM(O14:T14) | V14: =N14-U14
A15: 合 計 | D15: =SUM(D5:D14) | E15: =SUM(E5:E14) | F15: =SUM(F5:F14) | G15: =SUM(G5:G14) | H15: =SUM(H5:H14) | I15: =SUM(I5:I14) | J15: =SUM(J5:J14) | K15: =SUM(K5:K14) | ... V15: =SUM(V5:V14)

Sheet 4月
A1: 給与台帳 4月分
A2: 会社名：株式会社サンプル | L2: 作成日：2026年4月
A3: 基本情報 | D3: 勤 怠 情 報 | I3: 支 給 項 目 | O3: 控 除 項 目 | V3: 差引 支給額
A4: 従業員 番号 | B4: 氏名 | C4: 所属 | D4: 所定 労働日数 | E4: 出勤 日数 | F4: 欠勤 日数 | G4: 有給 取得日数 | H4: 残業 時間 | I4: 基本給 | J4: 役職 手当 | K4: 残業 手当 | L4: 通勤 手当 | M4: その他 手当 | N4: 支給 合計 | O4: 健康 保険 | P4: 厚生 年金 | Q4: 雇用 保険 | R4: 所得税 | S4: 住民税 | T4: その他 控除 | U4: 控除 合計 | V4: 差引 支給額
A5: 001 | B5: =IF(A5="","",IFERROR(VLOOKUP(A5,'マスタ'!$A:$F,2,FALSE),"")) | C5: =IF(A5="","",IFERROR(VLOOKUP(A5,'マスタ'!$A:$F,3,FALSE),"")) | D5: 20 | E5: 20 | F5: 0 | G5: 0 | H5: 10 | I5: =IF(A5="",0,IFERROR(VLOOKUP(A5,'マスタ'!$A:$F,4,FALSE),0)) | J5: =IF(A5="",0,IFERROR(VLOOKUP(A5,'マスタ'!$A:$F,5,FALSE),0)) | K5: =IF(A5="",0,ROUND(I5/160*1.25*H5,0)) | L5: =IF(A5="",0,IFERROR(VLOOKUP(A5,'マスタ'!$A:$F,6,FALSE),0)) | M5: 0 | N5: =SUM(I5:M5) | O5: 17500 | P5: 32490 | Q5: 2100 | R5: 8500 | S5: 12000 | T5: 0 | U5: =SUM(O5:T5) | V5: =N5-U5
A6: 002 | B6: =IF(A6="","",IFERROR(VLOOKUP(A6,'マスタ'!$A:$F,2,FALSE),"")) | C6: =IF(A6="","",IFERROR(VLOOKUP(A6,'マスタ'!$A:$F,3,FALSE),"")) | D6: 20 | E6: 19 | F6: 1 | G6: 1 | H6: 5 | I6: =IF(A6="",0,IFERROR(VLOOKUP(A6,'マスタ'!$A:$F,4,FALSE),0)) | J6: =IF(A6="",0,IFERROR(VLOOKUP(A6,'マスタ'!$A:$F,5,FALSE),0)) | K6: =IF(A6="",0,ROUND(I6/160*1.25*H6,0)) | L6: =IF(A6="",0,IFERROR(VLOOKUP(A6,'マスタ'!$A:$F,6,FALSE),0)) | M6: 0 | N6: =SUM(I6:M6) | O6: 14000 | P6: 25990 | Q6: 1680 | R6: 5500 | S6: 9000 | T6: 0 | U6: =SUM(O6:T6) | V6: =N6-U6
A7: 003 | B7: =IF(A7="","",IFERROR(VLOOKUP(A7,'マスタ'!$A:$F,2,FALSE),"")) | C7: =IF(A7="","",IFERROR(VLOOKUP(A7,'マスタ'!$A:$F,3,FALSE),"")) | D7: 20 | E7: 20 | F7: 0 | G7: 2 | H7: 15 | I7: =IF(A7="",0,IFERROR(VLOOKUP(A7,'マスタ'!$A:$F,4,FALSE),0)) | J7: =IF(A7="",0,IFERROR(VLOOKUP(A7,'マスタ'!$A:$F,5,FALSE),0)) | K7: =IF(A7="",0,ROUND(I7/160*1.25*H7,0)) | L7: =IF(A7="",0,IFERROR(VLOOKUP(A7,'マスタ'!$A:$F,6,FALSE),0)) | M7: 0 | N7: =SUM(I7:M7) | O7: 16000 | P7: 29730 | Q7: 1920 | R7: 7000 | S7: 10500 | T7: 0 | U7: =SUM(O7:T7) | V7: =N7-U7
B8: =IF(A8="","",IFERROR(VLOOKUP(A8,'マスタ'!$A:$F,2,FALSE),"")) | C8: =IF(A8="","",IFERROR(VLOOKUP(A8,'マスタ'!$A:$F,3,FALSE),"")) | I8: =IF(A8="",0,IFERROR(VLOOKUP(A8,'マスタ'!$A:$F,4,FALSE),0)) | J8: =IF(A8="",0,IFERROR(VLOOKUP(A8,'マスタ'!$A:$F,5,FALSE),0)) | K8: =IF(A8="",0,ROUND(I8/160*1.25*H8,0)) | L8: =IF(A8="",0,IFERROR(VLOOKUP(A8,'マスタ'!$A:$F,6,FALSE),0)) | N8: =SUM(I8:M8) | U8: =SUM(O8:T8) | V8: =N8-U8
B9: =IF(A9="","",IFERROR(VLOOKUP(A9,'マスタ'!$A:$F,2,FALSE),"")) | C9: =IF(A9="","",IFERROR(VLOOKUP(A9,'マスタ'!$A:$F,3,FALSE),"")) | I9: =IF(A9="",0,IFERROR(VLOOKUP(A9,'マスタ'!$A:$F,4,FALSE),0)) | J9: =IF(A9="",0,IFERROR(VLOOKUP(A9,'マスタ'!$A:$F,5,FALSE),0)) | K9: =IF(A9="",0,ROUND(I9/160*1.25*H9,0)) | L9: =IF(A9="",0,IFERROR(VLOOKUP(A9,'マスタ'!$A:$F,6,FALSE),0)) | N9: =SUM(I9:M9) | U9: =SUM(O9:T9) | V9: =N9-U9
B10: =IF(A10="","",IFERROR(VLOOKUP(A10,'マスタ'!$A:$F,2,FALSE),"")) | C10: =IF(A10="","",IFERROR(VLOOKUP(A10,'マスタ'!$A:$F,3,FALSE),"")) | I10: =IF(A10="",0,IFERROR(VLOOKUP(A10,'マスタ'!$A:$F,4,FALSE),0)) | J10: =IF(A10="",0,IFERROR(VLOOKUP(A10,'マスタ'!$A:$F,5,FALSE),0)) | K10: =IF(A10="",0,ROUND(I10/160*1.25*H10,0)) | L10: =IF(A10="",0,IFERROR(VLOOKUP(A10,'マスタ'!$A:$F,6,FALSE),0)) | N10: =SUM(I10:M10) | U10: =SUM(O10:T10) | V10: =N10-U10
B11: =IF(A11="","",IFERROR(VLOOKUP(A11,'マスタ'!$A:$F,2,FALSE),"")) | C11: =IF(A11="","",IFERROR(VLOOKUP(A11,'マスタ'!$A:$F,3,FALSE),"")) | I11: =IF(A11="",0,IFERROR(VLOOKUP(A11,'マスタ'!$A:$F,4,FALSE),0)) | J11: =IF(A11="",0,IFERROR(VLOOKUP(A11,'マスタ'!$A:$F,5,FALSE),0)) | K11: =IF(A11="",0,ROUND(I11/160*1.25*H11,0)) | L11: =IF(A11="",0,IFERROR(VLOOKUP(A11,'マスタ'!$A:$F,6,FALSE),0)) | N11: =SUM(I11:M11) | U11: =SUM(O11:T11) | V11: =N11-U11
B12: =IF(A12="","",IFERROR(VLOOKUP(A12,'マスタ'!$A:$F,2,FALSE),"")) | C12: =IF(A12="","",IFERROR(VLOOKUP(A12,'マスタ'!$A:$F,3,FALSE),"")) | I12: =IF(A12="",0,IFERROR(VLOOKUP(A12,'マスタ'!$A:$F,4,FALSE),0)) | J12: =IF(A12="",0,IFERROR(VLOOKUP(A12,'マスタ'!$A:$F,5,FALSE),0)) | K12: =IF(A12="",0,ROUND(I12/160*1.25*H12,0)) | L12: =IF(A12="",0,IFERROR(VLOOKUP(A12,'マスタ'!$A:$F,6,FALSE),0)) | N12: =SUM(I12:M12) | U12: =SUM(O12:T12) | V12: =N12-U12
B13: =IF(A13="","",IFERROR(VLOOKUP(A13,'マスタ'!$A:$F,2,FALSE),"")) | C13: =IF(A13="","",IFERROR(VLOOKUP(A13,'マスタ'!$A:$F,3,FALSE),"")) | I13: =IF(A13="",0,IFERROR(VLOOKUP(A13,'マスタ'!$A:$F,4,FALSE),0)) | J13: =IF(A13="",0,IFERROR(VLOOKUP(A13,'マスタ'!$A:$F,5,FALSE),0)) | K13: =IF(A13="",0,ROUND(I13/160*1.25*H13,0)) | L13: =IF(A13="",0,IFERROR(VLOOKUP(A13,'マスタ'!$A:$F,6,FALSE),0)) | N13: =SUM(I13:M13) | U13: =SUM(O13:T13) | V13: =N13-U13
B14: =IF(A14="","",IFERROR(VLOOKUP(A14,'マスタ'!$A:$F,2,FALSE),"")) | C14: =IF(A14="","",IFERROR(VLOOKUP(A14,'マスタ'!$A:$F,3,FALSE),"")) | I14: =IF(A14="",0,IFERROR(VLOOKUP(A14,'マスタ'!$A:$F,4,FALSE),0)) | J14: =IF(A14="",0,IFERROR(VLOOKUP(A14,'マスタ'!$A:$F,5,FALSE),0)) | K14: =IF(A14="",0,ROUND(I14/160*1.25*H14,0)) | L14: =IF(A14="",0,IFERROR(VLOOKUP(A14,'マスタ'!$A:$F,6,FALSE),0)) | N14: =SUM(I14:M14) | U14: =SUM(O14:T14) | V14: =N14-U14
A15: 合 計 | D15: =SUM(D5:D14) | E15: =SUM(E5:E14) | F15: =SUM(F5:F14) | G15: =SUM(G5:G14) | H15: =SUM(H5:H14) | I15: =SUM(I5:I14) | J15: =SUM(J5:J14) | K15: =SUM(K5:K14) | ... V15: =SUM(V5:V14)

Sheet 5月
A1: 給与台帳 5月分
A2: 会社名：株式会社サンプル | L2: 作成日：2026年5月
A3: 基本情報 | D3: 勤 怠 情 報 | I3: 支 給 項 目 | O3: 控 除 項 目 | V3: 差引 支給額
A4: 従業員 番号 | B4: 氏名 | C4: 所属 | D4: 所定 労働日数 | E4: 出勤 日数 | F4: 欠勤 日数 | G4: 有給 取得日数 | H4: 残業 時間 | I4: 基本給 | J4: 役職 手当 | K4: 残業 手当 | L4: 通勤 手当 | M4: その他 手当 | N4: 支給 合計 | O4: 健康 保険 | P4: 厚生 年金 | Q4: 雇用 保険 | R4: 所得税 | S4: 住民税 | T4: その他 控除 | U4: 控除 合計 | V4: 差引 支給額
A5: 001 | B5: =IF(A5="","",IFERROR(VLOOKUP(A5,'マスタ'!$A:$F,2,FALSE),"")) | C5: =IF(A5="","",IFERROR(VLOOKUP(A5,'マスタ'!$A:$F,3,FALSE),"")) | D5: 20 | E5: 20 | F5: 0 | G5: 0 | H5: 10 | I5: =IF(A5="",0,IFERROR(VLOOKUP(A5,'マスタ'!$A:$F,4,FALSE),0)) | J5: =IF(A5="",0,IFERROR(VLOOKUP(A5,'マスタ'!$A:$F,5,FALSE),0)) | K5: =IF(A5="",0,ROUND(I5/160*1.25*H5,0)) | L5: =IF(A5="",0,IFERROR(VLOOKUP(A5,'マスタ'!$A:$F,6,FALSE),0)) | M5: 0 | N5: =SUM(I5:M5) | O5: 17500 | P5: 32490 | Q5: 2100 | R5: 8500 | S5: 12000 | T5: 0 | U5: =SUM(O5:T5) | V5: =N5-U5
A6: 002 | B6: =IF(A6="","",IFERROR(VLOOKUP(A6,'マスタ'!$A:$F,2,FALSE),"")) | C6: =IF(A6="","",IFERROR(VLOOKUP(A6,'マスタ'!$A:$F,3,FALSE),"")) | D6: 20 | E6: 19 | F6: 1 | G6: 1 | H6: 5 | I6: =IF(A6="",0,IFERROR(VLOOKUP(A6,'マスタ'!$A:$F,4,FALSE),0)) | J6: =IF(A6="",0,IFERROR(VLOOKUP(A6,'マスタ'!$A:$F,5,FALSE),0)) | K6: =IF(A6="",0,ROUND(I6/160*1.25*H6,0)) | L6: =IF(A6="",0,IFERROR(VLOOKUP(A6,'マスタ'!$A:$F,6,FALSE),0)) | M6: 0 | N6: =SUM(I6:M6) | O6: 14000 | P6: 25990 | Q6: 1680 | R6: 5500 | S6: 9000 | T6: 0 | U6: =SUM(O6:T6) | V6: =N6-U6
A7: 003 | B7: =IF(A7="","",IFERROR(VLOOKUP(A7,'マスタ'!$A:$F,2,FALSE),"")) | C7: =IF(A7="","",IFERROR(VLOOKUP(A7,'マスタ'!$A:$F,3,FALSE),"")) | D7: 20 | E7: 20 | F7: 0 | G7: 2 | H7: 15 | I7: =IF(A7="",0,IFERROR(VLOOKUP(A7,'マスタ'!$A:$F,4,FALSE),0)) | J7: =IF(A7="",0,IFERROR(VLOOKUP(A7,'マスタ'!$A:$F,5,FALSE),0)) | K7: =IF(A7="",0,ROUND(I7/160*1.25*H7,0)) | L7: =IF(A7="",0,IFERROR(VLOOKUP(A7,'マスタ'!$A:$F,6,FALSE),0)) | M7: 0 | N7: =SUM(I7:M7) | O7: 16000 | P7: 29730 | Q7: 1920 | R7: 7000 | S7: 10500 | T7: 0 | U7: =SUM(O7:T7) | V7: =N7-U7
B8: =IF(A8="","",IFERROR(VLOOKUP(A8,'マスタ'!$A:$F,2,FALSE),"")) | C8: =IF(A8="","",IFERROR(VLOOKUP(A8,'マスタ'!$A:$F,3,FALSE),"")) | I8: =IF(A8="",0,IFERROR(VLOOKUP(A8,'マスタ'!$A:$F,4,FALSE),0)) | J8: =IF(A8="",0,IFERROR(VLOOKUP(A8,'マスタ'!$A:$F,5,FALSE),0)) | K8: =IF(A8="",0,ROUND(I8/160*1.25*H8,0)) | L8: =IF(A8="",0,IFERROR(VLOOKUP(A8,'マスタ'!$A:$F,6,FALSE),0)) | N8: =SUM(I8:M8) | U8: =SUM(O8:T8) | V8: =N8-U8
B9: =IF(A9="","",IFERROR(VLOOKUP(A9,'マスタ'!$A:$F,2,FALSE),"")) | C9: =IF(A9="","",IFERROR(VLOOKUP(A9,'マスタ'!$A:$F,3,FALSE),"")) | I9: =IF(A9="",0,IFERROR(VLOOKUP(A9,'マスタ'!$A:$F,4,FALSE),0)) | J9: =IF(A9="",0,IFERROR(VLOOKUP(A9,'マスタ'!$A:$F,5,FALSE),0)) | K9: =IF(A9="",0,ROUND(I9/160*1.25*H9,0)) | L9: =IF(A9="",0,IFERROR(VLOOKUP(A9,'マスタ'!$A:$F,6,FALSE),0)) | N9: =SUM(I9:M9) | U9: =SUM(O9:T9) | V9: =N9-U9
B10: =IF(A10="","",IFERROR(VLOOKUP(A10,'マスタ'!$A:$F,2,FALSE),"")) | C10: =IF(A10="","",IFERROR(VLOOKUP(A10,'マスタ'!$A:$F,3,FALSE),"")) | I10: =IF(A10="",0,IFERROR(VLOOKUP(A10,'マスタ'!$A:$F,4,FALSE),0)) | J10: =IF(A10="",0,IFERROR(VLOOKUP(A10,'マスタ'!$A:$F,5,FALSE),0)) | K10: =IF(A10="",0,ROUND(I10/160*1.25*H10,0)) | L10: =IF(A10="",0,IFERROR(VLOOKUP(A10,'マスタ'!$A:$F,6,FALSE),0)) | N10: =SUM(I10:M10) | U10: =SUM(O10:T10) | V10: =N10-U10
B11: =IF(A11="","",IFERROR(VLOOKUP(A11,'マスタ'!$A:$F,2,FALSE),"")) | C11: =IF(A11="","",IFERROR(VLOOKUP(A11,'マスタ'!$A:$F,3,FALSE),"")) | I11: =IF(A11="",0,IFERROR(VLOOKUP(A11,'マスタ'!$A:$F,4,FALSE),0)) | J11: =IF(A11="",0,IFERROR(VLOOKUP(A11,'マスタ'!$A:$F,5,FALSE),0)) | K11: =IF(A11="",0,ROUND(I11/160*1.25*H11,0)) | L11: =IF(A11="",0,IFERROR(VLOOKUP(A11,'マスタ'!$A:$F,6,FALSE),0)) | N11: =SUM(I11:M11) | U11: =SUM(O11:T11) | V11: =N11-U11
B12: =IF(A12="","",IFERROR(VLOOKUP(A12,'マスタ'!$A:$F,2,FALSE),"")) | C12: =IF(A12="","",IFERROR(VLOOKUP(A12,'マスタ'!$A:$F,3,FALSE),"")) | I12: =IF(A12="",0,IFERROR(VLOOKUP(A12,'マスタ'!$A:$F,4,FALSE),0)) | J12: =IF(A12="",0,IFERROR(VLOOKUP(A12,'マスタ'!$A:$F,5,FALSE),0)) | K12: =IF(A12="",0,ROUND(I12/160*1.25*H12,0)) | L12: =IF(A12="",0,IFERROR(VLOOKUP(A12,'マスタ'!$A:$F,6,FALSE),0)) | N12: =SUM(I12:M12) | U12: =SUM(O12:T12) | V12: =N12-U12
B13: =IF(A13="","",IFERROR(VLOOKUP(A13,'マスタ'!$A:$F,2,FALSE),"")) | C13: =IF(A13="","",IFERROR(VLOOKUP(A13,'マスタ'!$A:$F,3,FALSE),"")) | I13: =IF(A13="",0,IFERROR(VLOOKUP(A13,'マスタ'!$A:$F,4,FALSE),0)) | J13: =IF(A13="",0,IFERROR(VLOOKUP(A13,'マスタ'!$A:$F,5,FALSE),0)) | K13: =IF(A13="",0,ROUND(I13/160*1.25*H13,0)) | L13: =IF(A13="",0,IFERROR(VLOOKUP(A13,'マスタ'!$A:$F,6,FALSE),0)) | N13: =SUM(I13:M13) | U13: =SUM(O13:T13) | V13: =N13-U13
B14: =IF(A14="","",IFERROR(VLOOKUP(A14,'マスタ'!$A:$F,2,FALSE),"")) | C14: =IF(A14="","",IFERROR(VLOOKUP(A14,'マスタ'!$A:$F,3,FALSE),"")) | I14: =IF(A14="",0,IFERROR(VLOOKUP(A14,'マスタ'!$A:$F,4,FALSE),0)) | J14: =IF(A14="",0,IFERROR(VLOOKUP(A14,'マスタ'!$A:$F,5,FALSE),0)) | K14: =IF(A14="",0,ROUND(I14/160*1.25*H14,0)) | L14: =IF(A14="",0,IFERROR(VLOOKUP(A14,'マスタ'!$A:$F,6,FALSE),0)) | N14: =SUM(I14:M14) | U14: =SUM(O14:T14) | V14: =N14-U14
A15: 合 計 | D15: =SUM(D5:D14) | E15: =SUM(E5:E14) | F15: =SUM(F5:F14) | G15: =SUM(G5:G14) | H15: =SUM(H5:H14) | I15: =SUM(I5:I14) | J15: =SUM(J5:J14) | K15: =SUM(K5:K14) | ... V15: =SUM(V5:V14)

Sheet 6月
A1: 給与台帳 6月分
A2: 会社名：株式会社サンプル | L2: 作成日：2026年6月
A3: 基本情報 | D3: 勤 怠 情 報 | I3: 支 給 項 目 | O3: 控 除 項 目 | V3: 差引 支給額
A4: 従業員 番号 | B4: 氏名 | C4: 所属 | D4: 所定 労働日数 | E4: 出勤 日数 | F4: 欠勤 日数 | G4: 有給 取得日数 | H4: 残業 時間 | I4: 基本給 | J4: 役職 手当 | K4: 残業 手当 | L4: 通勤 手当 | M4: その他 手当 | N4: 支給 合計 | O4: 健康 保険 | P4: 厚生 年金 | Q4: 雇用 保険 | R4: 所得税 | S4: 住民税 | T4: その他 控除 | U4: 控除 合計 | V4: 差引 支給額
A5: 001 | B5: =IF(A5="","",IFERROR(VLOOKUP(A5,'マスタ'!$A:$F,2,FALSE),"")) | C5: =IF(A5="","",IFERROR(VLOOKUP(A5,'マスタ'!$A:$F,3,FALSE),"")) | D5: 20 | E5: 20 | F5: 0 | G5: 0 | H5: 10 | I5: =IF(A5="",0,IFERROR(VLOOKUP(A5,'マスタ'!$A:$F,4,FALSE),0)) | J5: =IF(A5="",0,IFERROR(VLOOKUP(A5,'マスタ'!$A:$F,5,FALSE),0)) | K5: =IF(A5="",0,ROUND(I5/160*1.25*H5,0)) | L5: =IF(A5="",0,IFERROR(VLOOKUP(A5,'マスタ'!$A:$F,6,FALSE),0)) | M5: 0 | N5: =SUM(I5:M5) | O5: 17500 | P5: 32490 | Q5: 2100 | R5: 8500 | S5: 12000 | T5: 0 | U5: =SUM(O5:T5) | V5: =N5-U5
A6: 002 | B6: =IF(A6="","",IFERROR(VLOOKUP(A6,'マスタ'!$A:$F,2,FALSE),"")) | C6: =IF(A6="","",IFERROR(VLOOKUP(A6,'マスタ'!$A:$F,3,FALSE),"")) | D6: 20 | E6: 19 | F6: 1 | G6: 1 | H6: 5 | I6: =IF(A6="",0,IFERROR(VLOOKUP(A6,'マスタ'!$A:$F,4,FALSE),0)) | J6: =IF(A6="",0,IFERROR(VLOOKUP(A6,'マスタ'!$A:$F,5,FALSE),0)) | K6: =IF(A6="",0,ROUND(I6/160*1.25*H6,0)) | L6: =IF(A6="",0,IFERROR(VLOOKUP(A6,'マスタ'!$A:$F,6,FALSE),0)) | M6: 0 | N6: =SUM(I6:M6) | O6: 14000 | P6: 25990 | Q6: 1680 | R6: 5500 | S6: 9000 | T6: 0 | U6: =SUM(O6:T6) | V6: =N6-U6
A7: 003 | B7: =IF(A7="","",IFERROR(VLOOKUP(A7,'マスタ'!$A:$F,2,FALSE),"")) | C7: =IF(A7="","",IFERROR(VLOOKUP(A7,'マスタ'!$A:$F,3,FALSE),"")) | D7: 20 | E7: 20 | F7: 0 | G7: 2 | H7: 15 | I7: =IF(A7="",0,IFERROR(VLOOKUP(A7,'マスタ'!$A:$F,4,FALSE),0)) | J7: =IF(A7="",0,IFERROR(VLOOKUP(A7,'マスタ'!$A:$F,5,FALSE),0)) | K7: =IF(A7="",0,ROUND(I7/160*1.25*H7,0)) | L7: =IF(A7="",0,IFERROR(VLOOKUP(A7,'マスタ'!$A:$F,6,FALSE),0)) | M7: 0 | N7: =SUM(I7:M7) | O7: 16000 | P7: 29730 | Q7: 1920 | R7: 7000 | S7: 10500 | T7: 0 | U7: =SUM(O7:T7) | V7: =N7-U7
B8: =IF(A8="","",IFERROR(VLOOKUP(A8,'マスタ'!$A:$F,2,FALSE),"")) | C8: =IF(A8="","",IFERROR(VLOOKUP(A8,'マスタ'!$A:$F,3,FALSE),"")) | I8: =IF(A8="",0,IFERROR(VLOOKUP(A8,'マスタ'!$A:$F,4,FALSE),0)) | J8: =IF(A8="",0,IFERROR(VLOOKUP(A8,'マスタ'!$A:$F,5,FALSE),0)) | K8: =IF(A8="",0,ROUND(I8/160*1.25*H8,0)) | L8: =IF(A8="",0,IFERROR(VLOOKUP(A8,'マスタ'!$A:$F,6,FALSE),0)) | N8: =SUM(I8:M8) | U8: =SUM(O8:T8) | V8: =N8-U8
B9: =IF(A9="","",IFERROR(VLOOKUP(A9,'マスタ'!$A:$F,2,FALSE),"")) | C9: =IF(A9="","",IFERROR(VLOOKUP(A9,'マスタ'!$A:$F,3,FALSE),"")) | I9: =IF(A9="",0,IFERROR(VLOOKUP(A9,'マスタ'!$A:$F,4,FALSE),0)) | J9: =IF(A9="",0,IFERROR(VLOOKUP(A9,'マスタ'!$A:$F,5,FALSE),0)) | K9: =IF(A9="",0,ROUND(I9/160*1.25*H9,0)) | L9: =IF(A9="",0,IFERROR(VLOOKUP(A9,'マスタ'!$A:$F,6,FALSE),0)) | N9: =SUM(I9:M9) | U9: =SUM(O9:T9) | V9: =N9-U9
B10: =IF(A10="","",IFERROR(VLOOKUP(A10,'マスタ'!$A:$F,2,FALSE),"")) | C10: =IF(A10="","",IFERROR(VLOOKUP(A10,'マスタ'!$A:$F,3,FALSE),"")) | I10: =IF(A10="",0,IFERROR(VLOOKUP(A10,'マスタ'!$A:$F,4,FALSE),0)) | J10: =IF(A10="",0,IFERROR(VLOOKUP(A10,'マスタ'!$A:$F,5,FALSE),0)) | K10: =IF(A10="",0,ROUND(I10/160*1.25*H10,0)) | L10: =IF(A10="",0,IFERROR(VLOOKUP(A10,'マスタ'!$A:$F,6,FALSE),0)) | N10: =SUM(I10:M10) | U10: =SUM(O10:T10) | V10: =N10-U10
B11: =IF(A11="","",IFERROR(VLOOKUP(A11,'マスタ'!$A:$F,2,FALSE),"")) | C11: =IF(A11="","",IFERROR(VLOOKUP(A11,'マスタ'!$A:$F,3,FALSE),"")) | I11: =IF(A11="",0,IFERROR(VLOOKUP(A11,'マスタ'!$A:$F,4,FALSE),0)) | J11: =IF(A11="",0,IFERROR(VLOOKUP(A11,'マスタ'!$A:$F,5,FALSE),0)) | K11: =IF(A11="",0,ROUND(I11/160*1.25*H11,0)) | L11: =IF(A11="",0,IFERROR(VLOOKUP(A11,'マスタ'!$A:$F,6,FALSE),0)) | N11: =SUM(I11:M11) | U11: =SUM(O11:T11) | V11: =N11-U11
B12: =IF(A12="","",IFERROR(VLOOKUP(A12,'マスタ'!$A:$F,2,FALSE),"")) | C12: =IF(A12="","",IFERROR(VLOOKUP(A12,'マスタ'!$A:$F,3,FALSE),"")) | I12: =IF(A12="",0,IFERROR(VLOOKUP(A12,'マスタ'!$A:$F,4,FALSE),0)) | J12: =IF(A12="",0,IFERROR(VLOOKUP(A12,'マスタ'!$A:$F,5,FALSE),0)) | K12: =IF(A12="",0,ROUND(I12/160*1.25*H12,0)) | L12: =IF(A12="",0,IFERROR(VLOOKUP(A12,'マスタ'!$A:$F,6,FALSE),0)) | N12: =SUM(I12:M12) | U12: =SUM(O12:T12) | V12: =N12-U12
B13: =IF(A13="","",IFERROR(VLOOKUP(A13,'マスタ'!$A:$F,2,FALSE),"")) | C13: =IF(A13="","",IFERROR(VLOOKUP(A13,'マスタ'!$A:$F,3,FALSE),"")) | I13: =IF(A13="",0,IFERROR(VLOOKUP(A13,'マスタ'!$A:$F,4,FALSE),0)) | J13: =IF(A13="",0,IFERROR(VLOOKUP(A13,'マスタ'!$A:$F,5,FALSE),0)) | K13: =IF(A13="",0,ROUND(I13/160*1.25*H13,0)) | L13: =IF(A13="",0,IFERROR(VLOOKUP(A13,'マスタ'!$A:$F,6,FALSE),0)) | N13: =SUM(I13:M13) | U13: =SUM(O13:T13) | V13: =N13-U13
B14: =IF(A14="","",IFERROR(VLOOKUP(A14,'マスタ'!$A:$F,2,FALSE),"")) | C14: =IF(A14="","",IFERROR(VLOOKUP(A14,'マスタ'!$A:$F,3,FALSE),"")) | I14: =IF(A14="",0,IFERROR(VLOOKUP(A14,'マスタ'!$A:$F,4,FALSE),0)) | J14: =IF(A14="",0,IFERROR(VLOOKUP(A14,'マスタ'!$A:$F,5,FALSE),0)) | K14: =IF(A14="",0,ROUND(I14/160*1.25*H14,0)) | L14: =IF(A14="",0,IFERROR(VLOOKUP(A14,'マスタ'!$A:$F,6,FALSE),0)) | N14: =SUM(I14:M14) | U14: =SUM(O14:T14) | V14: =N14-U14
A15: 合 計 | D15: =SUM(D5:D14) | E15: =SUM(E5:E14) | F15: =SUM(F5:F14) | G15: =SUM(G5:G14) | H15: =SUM(H5:H14) | I15: =SUM(I5:I14) | J15: =SUM(J5:J14) | K15: =SUM(K5:K14) | ... V15: =SUM(V5:V14)

Sheet 7月
A1: 給与台帳 7月分
A2: 会社名：株式会社サンプル | L2: 作成日：2026年7月
A3: 基本情報 | D3: 勤 怠 情 報 | I3: 支 給 項 目 | O3: 控 除 項 目 | V3: 差引 支給額
A4: 従業員 番号 | B4: 氏名 | C4: 所属 | D4: 所定 労働日数 | E4: 出勤 日数 | F4: 欠勤 日数 | G4: 有給 取得日数 | H4: 残業 時間 | I4: 基本給 | J4: 役職 手当 | K4: 残業 手当 | L4: 通勤 手当 | M4: その他 手当 | N4: 支給 合計 | O4: 健康 保険 | P4: 厚生 年金 | Q4: 雇用 保険 | R4: 所得税 | S4: 住民税 | T4: その他 控除 | U4: 控除 合計 | V4: 差引 支給額
A5: 001 | B5: =IF(A5="","",IFERROR(VLOOKUP(A5,'マスタ'!$A:$F,2,FALSE),"")) | C5: =IF(A5="","",IFERROR(VLOOKUP(A5,'マスタ'!$A:$F,3,FALSE),"")) | D5: 20 | E5: 20 | F5: 0 | G5: 0 | H5: 10 | I5: =IF(A5="",0,IFERROR(VLOOKUP(A5,'マスタ'!$A:$F,4,FALSE),0)) | J5: =IF(A5="",0,IFERROR(VLOOKUP(A5,'マスタ'!$A:$F,5,FALSE),0)) | K5: =IF(A5="",0,ROUND(I5/160*1.25*H5,0)) | L5: =IF(A5="",0,IFERROR(VLOOKUP(A5,'マスタ'!$A:$F,6,FALSE),0)) | M5: 0 | N5: =SUM(I5:M5) | O5: 17500 | P5: 32490 | Q5: 2100 | R5: 8500 | S5: 12000 | T5: 0 | U5: =SUM(O5:T5) | V5: =N5-U5
A6: 002 | B6: =IF(A6="","",IFERROR(VLOOKUP(A6,'マスタ'!$A:$F,2,FALSE),"")) | C6: =IF(A6="","",IFERROR(VLOOKUP(A6,'マスタ'!$A:$F,3,FALSE),"")) | D6: 20 | E6: 19 | F6: 1 | G6: 1 | H6: 5 | I6: =IF(A6="",0,IFERROR(VLOOKUP(A6,'マスタ'!$A:$F,4,FALSE),0)) | J6: =IF(A6="",0,IFERROR(VLOOKUP(A6,'マスタ'!$A:$F,5,FALSE),0)) | K6: =IF(A6="",0,ROUND(I6/160*1.25*H6,0)) | L6: =IF(A6="",0,IFERROR(VLOOKUP(A6,'マスタ'!$A:$F,6,FALSE),0)) | M6: 0 | N6: =SUM(I6:M6) | O6: 14000 | P6: 25990 | Q6: 1680 | R6: 5500 | S6: 9000 | T6: 0 | U6: =SUM(O6:T6) | V6: =N6-U6
A7: 003 | B7: =IF(A7="","",IFERROR(VLOOKUP(A7,'マスタ'!$A:$F,2,FALSE),"")) | C7: =IF(A7="","",IFERROR(VLOOKUP(A7,'マスタ'!$A:$F,3,FALSE),"")) | D7: 20 | E7: 20 | F7: 0 | G7: 2 | H7: 15 | I7: =IF(A7="",0,IFERROR(VLOOKUP(A7,'マスタ'!$A:$F,4,FALSE),0)) | J7: =IF(A7="",0,IFERROR(VLOOKUP(A7,'マスタ'!$A:$F,5,FALSE),0)) | K7: =IF(A7="",0,ROUND(I7/160*1.25*H7,0)) | L7: =IF(A7="",0,IFERROR(VLOOKUP(A7,'マスタ'!$A:$F,6,FALSE),0)) | M7: 0 | N7: =SUM(I7:M7) | O7: 16000 | P7: 29730 | Q7: 1920 | R7: 7000 | S7: 10500 | T7: 0 | U7: =SUM(O7:T7) | V7: =N7-U7
B8: =IF(A8="","",IFERROR(VLOOKUP(A8,'マスタ'!$A:$F,2,FALSE),"")) | C8: =IF(A8="","",IFERROR(VLOOKUP(A8,'マスタ'!$A:$F,3,FALSE),"")) | I8: =IF(A8="",0,IFERROR(VLOOKUP(A8,'マスタ'!$A:$F,4,FALSE),0)) | J8: =IF(A8="",0,IFERROR(VLOOKUP(A8,'マスタ'!$A:$F,5,FALSE),0)) | K8: =IF(A8="",0,ROUND(I8/160*1.25*H8,0)) | L8: =IF(A8="",0,IFERROR(VLOOKUP(A8,'マスタ'!$A:$F,6,FALSE),0)) | N8: =SUM(I8:M8) | U8: =SUM(O8:T8) | V8: =N8-U8
B9: =IF(A9="","",IFERROR(VLOOKUP(A9,'マスタ'!$A:$F,2,FALSE),"")) | C9: =IF(A9="","",IFERROR(VLOOKUP(A9,'マスタ'!$A:$F,3,FALSE),"")) | I9: =IF(A9="",0,IFERROR(VLOOKUP(A9,'マスタ'!$A:$F,4,FALSE),0)) | J9: =IF(A9="",0,IFERROR(VLOOKUP(A9,'マスタ'!$A:$F,5,FALSE),0)) | K9: =IF(A9="",0,ROUND(I9/160*1.25*H9,0)) | L9: =IF(A9="",0,IFERROR(VLOOKUP(A9,'マスタ'!$A:$F,6,FALSE),0)) | N9: =SUM(I9:M9) | U9: =SUM(O9:T9) | V9: =N9-U9
B10: =IF(A10="","",IFERROR(VLOOKUP(A10,'マスタ'!$A:$F,2,FALSE),"")) | C10: =IF(A10="","",IFERROR(VLOOKUP(A10,'マスタ'!$A:$F,3,FALSE),"")) | I10: =IF(A10="",0,IFERROR(VLOOKUP(A10,'マスタ'!$A:$F,4,FALSE),0)) | J10: =IF(A10="",0,IFERROR(VLOOKUP(A10,'マスタ'!$A:$F,5,FALSE),0)) | K10: =IF(A10="",0,ROUND(I10/160*1.25*H10,0)) | L10: =IF(A10="",0,IFERROR(VLOOKUP(A10,'マスタ'!$A:$F,6,FALSE),0)) | N10: =SUM(I10:M10) | U10: =SUM(O10:T10) | V10: =N10-U10
B11: =IF(A11="","",IFERROR(VLOOKUP(A11,'マスタ'!$A:$F,2,FALSE),"")) | C11: =IF(A11="","",IFERROR(VLOOKUP(A11,'マスタ'!$A:$F,3,FALSE),"")) | I11: =IF(A11="",0,IFERROR(VLOOKUP(A11,'マスタ'!$A:$F,4,FALSE),0)) | J11: =IF(A11="",0,IFERROR(VLOOKUP(A11,'マスタ'!$A:$F,5,FALSE),0)) | K11: =IF(A11="",0,ROUND(I11/160*1.25*H11,0)) | L11: =IF(A11="",0,IFERROR(VLOOKUP(A11,'マスタ'!$A:$F,6,FALSE),0)) | N11: =SUM(I11:M11) | U11: =SUM(O11:T11) | V11: =N11-U11
B12: =IF(A12="","",IFERROR(VLOOKUP(A12,'マスタ'!$A:$F,2,FALSE),"")) | C12: =IF(A12="","",IFERROR(VLOOKUP(A12,'マスタ'!$A:$F,3,FALSE),"")) | I12: =IF(A12="",0,IFERROR(VLOOKUP(A12,'マスタ'!$A:$F,4,FALSE),0)) | J12: =IF(A12="",0,IFERROR(VLOOKUP(A12,'マスタ'!$A:$F,5,FALSE),0)) | K12: =IF(A12="",0,ROUND(I12/160*1.25*H12,0)) | L12: =IF(A12="",0,IFERROR(VLOOKUP(A12,'マスタ'!$A:$F,6,FALSE),0)) | N12: =SUM(I12:M12) | U12: =SUM(O12:T12) | V12: =N12-U12
B13: =IF(A13="","",IFERROR(VLOOKUP(A13,'マスタ'!$A:$F,2,FALSE),"")) | C13: =IF(A13="","",IFERROR(VLOOKUP(A13,'マスタ'!$A:$F,3,FALSE),"")) | I13: =IF(A13="",0,IFERROR(VLOOKUP(A13,'マスタ'!$A:$F,4,FALSE),0)) | J13: =IF(A13="",0,IFERROR(VLOOKUP(A13,'マスタ'!$A:$F,5,FALSE),0)) | K13: =IF(A13="",0,ROUND(I13/160*1.25*H13,0)) | L13: =IF(A13="",0,IFERROR(VLOOKUP(A13,'マスタ'!$A:$F,6,FALSE),0)) | N13: =SUM(I13:M13) | U13: =SUM(O13:T13) | V13: =N13-U13
B14: =IF(A14="","",IFERROR(VLOOKUP(A14,'マスタ'!$A:$F,2,FALSE),"")) | C14: =IF(A14="","",IFERROR(VLOOKUP(A14,'マスタ'!$A:$F,3,FALSE),"")) | I14: =IF(A14="",0,IFERROR(VLOOKUP(A14,'マスタ'!$A:$F,4,FALSE),0)) | J14: =IF(A14="",0,IFERROR(VLOOKUP(A14,'マスタ'!$A:$F,5,FALSE),0)) | K14: =IF(A14="",0,ROUND(I14/160*1.25*H14,0)) | L14: =IF(A14="",0,IFERROR(VLOOKUP(A14,'マスタ'!$A:$F,6,FALSE),0)) | N14: =SUM(I14:M14) | U14: =SUM(O14:T14) | V14: =N14-U14
A15: 合 計 | D15: =SUM(D5:D14) | E15: =SUM(E5:E14) | F15: =SUM(F5:F14) | G15: =SUM(G5:G14) | H15: =SUM(H5:H14) | I15: =SUM(I5:I14) | J15: =SUM(J5:J14) | K15: =SUM(K5:K14) | ... V15: =SUM(V5:V14)

Sheet 8月
A1: 給与台帳 8月分
A2: 会社名：株式会社サンプル | L2: 作成日：2026年8月
A3: 基本情報 | D3: 勤 怠 情 報 | I3: 支 給 項 目 | O3: 控 除 項 目 | V3: 差引 支給額
A4: 従業員 番号 | B4: 氏名 | C4: 所属 | D4: 所定 労働日数 | E4: 出勤 日数 | F4: 欠勤 日数 | G4: 有給 取得日数 | H4: 残業 時間 | I4: 基本給 | J4: 役職 手当 | K4: 残業 手当 | L4: 通勤 手当 | M4: その他 手当 | N4: 支給 合計 | O4: 健康 保険 | P4: 厚生 年金 | Q4: 雇用 保険 | R4: 所得税 | S4: 住民税 | T4: その他 控除 | U4: 控除 合計 | V4: 差引 支給額
A5: 001 | B5: =IF(A5="","",IFERROR(VLOOKUP(A5,'マスタ'!$A:$F,2,FALSE),"")) | C5: =IF(A5="","",IFERROR(VLOOKUP(A5,'マスタ'!$A:$F,3,FALSE),"")) | D5: 20 | E5: 20 | F5: 0 | G5: 0 | H5: 10 | I5: =IF(A5="",0,IFERROR(VLOOKUP(A5,'マスタ'!$A:$F,4,FALSE),0)) | J5: =IF(A5="",0,IFERROR(VLOOKUP(A5,'マスタ'!$A:$F,5,FALSE),0)) | K5: =IF(A5="",0,ROUND(I5/160*1.25*H5,0)) | L5: =IF(A5="",0,IFERROR(VLOOKUP(A5,'マスタ'!$A:$F,6,FALSE),0)) | M5: 0 | N5: =SUM(I5:M5) | O5: 17500 | P5: 32490 | Q5: 2100 | R5: 8500 | S5: 12000 | T5: 0 | U5: =SUM(O5:T5) | V5: =N5-U5
A6: 002 | B6: =IF(A6="","",IFERROR(VLOOKUP(A6,'マスタ'!$A:$F,2,FALSE),"")) | C6: =IF(A6="","",IFERROR(VLOOKUP(A6,'マスタ'!$A:$F,3,FALSE),"")) | D6: 20 | E6: 19 | F6: 1 | G6: 1 | H6: 5 | I6: =IF(A6="",0,IFERROR(VLOOKUP(A6,'マスタ'!$A:$F,4,FALSE),0)) | J6: =IF(A6="",0,IFERROR(VLOOKUP(A6,'マスタ'!$A:$F,5,FALSE),0)) | K6: =IF(A6="",0,ROUND(I6/160*1.25*H6,0)) | L6: =IF(A6="",0,IFERROR(VLOOKUP(A6,'マスタ'!$A:$F,6,FALSE),0)) | M6: 0 | N6: =SUM(I6:M6) | O6: 14000 | P6: 25990 | Q6: 1680 | R6: 5500 | S6: 9000 | T6: 0 | U6: =SUM(O6:T6) | V6: =N6-U6
A7: 003 | B7: =IF(A7="","",IFERROR(VLOOKUP(A7,'マスタ'!$A:$F,2,FALSE),"")) | C7: =IF(A7="","",IFERROR(VLOOKUP(A7,'マスタ'!$A:$F,3,FALSE),"")) | D7: 20 | E7: 20 | F7: 0 | G7: 2 | H7: 15 | I7: =IF(A7="",0,IFERROR(VLOOKUP(A7,'マスタ'!$A:$F,4,FALSE),0)) | J7: =IF(A7="",0,IFERROR(VLOOKUP(A7,'マスタ'!$A:$F,5,FALSE),0)) | K7: =IF(A7="",0,ROUND(I7/160*1.25*H7,0)) | L7: =IF(A7="",0,IFERROR(VLOOKUP(A7,'マスタ'!$A:$F,6,FALSE),0)) | M7: 0 | N7: =SUM(I7:M7) | O7: 16000 | P7: 29730 | Q7: 1920 | R7: 7000 | S7: 10500 | T7: 0 | U7: =SUM(O7:T7) | V7: =N7-U7
B8: =IF(A8="","",IFERROR(VLOOKUP(A8,'マスタ'!$A:$F,2,FALSE),"")) | C8: =IF(A8="","",IFERROR(VLOOKUP(A8,'マスタ'!$A:$F,3,FALSE),"")) | I8: =IF(A8="",0,IFERROR(VLOOKUP(A8,'マスタ'!$A:$F,4,FALSE),0)) | J8: =IF(A8="",0,IFERROR(VLOOKUP(A8,'マスタ'!$A:$F,5,FALSE),0)) | K8: =IF(A8="",0,ROUND(I8/160*1.25*H8,0)) | L8: =IF(A8="",0,IFERROR(VLOOKUP(A8,'マスタ'!$A:$F,6,FALSE),0)) | N8: =SUM(I8:M8) | U8: =SUM(O8:T8) | V8: =N8-U8
B9: =IF(A9="","",IFERROR(VLOOKUP(A9,'マスタ'!$A:$F,2,FALSE),"")) | C9: =IF(A9="","",IFERROR(VLOOKUP(A9,'マスタ'!$A:$F,3,FALSE),"")) | I9: =IF(A9="",0,IFERROR(VLOOKUP(A9,'マスタ'!$A:$F,4,FALSE),0)) | J9: =IF(A9="",0,IFERROR(VLOOKUP(A9,'マスタ'!$A:$F,5,FALSE),0)) | K9: =IF(A9="",0,ROUND(I9/160*1.25*H9,0)) | L9: =IF(A9="",0,IFERROR(VLOOKUP(A9,'マスタ'!$A:$F,6,FALSE),0)) | N9: =SUM(I9:M9) | U9: =SUM(O9:T9) | V9: =N9-U9
B10: =IF(A10="","",IFERROR(VLOOKUP(A10,'マスタ'!$A:$F,2,FALSE),"")) | C10: =IF(A10="","",IFERROR(VLOOKUP(A10,'マスタ'!$A:$F,3,FALSE),"")) | I10: =IF(A10="",0,IFERROR(VLOOKUP(A10,'マスタ'!$A:$F,4,FALSE),0)) | J10: =IF(A10="",0,IFERROR(VLOOKUP(A10,'マスタ'!$A:$F,5,FALSE),0)) | K10: =IF(A10="",0,ROUND(I10/160*1.25*H10,0)) | L10: =IF(A10="",0,IFERROR(VLOOKUP(A10,'マスタ'!$A:$F,6,FALSE),0)) | N10: =SUM(I10:M10) | U10: =SUM(O10:T10) | V10: =N10-U10
B11: =IF(A11="","",IFERROR(VLOOKUP(A11,'マスタ'!$A:$F,2,FALSE),"")) | C11: =IF(A11="","",IFERROR(VLOOKUP(A11,'マスタ'!$A:$F,3,FALSE),"")) | I11: =IF(A11="",0,IFERROR(VLOOKUP(A11,'マスタ'!$A:$F,4,FALSE),0)) | J11: =IF(A11="",0,IFERROR(VLOOKUP(A11,'マスタ'!$A:$F,5,FALSE),0)) | K11: =IF(A11="",0,ROUND(I11/160*1.25*H11,0)) | L11: =IF(A11="",0,IFERROR(VLOOKUP(A11,'マスタ'!$A:$F,6,FALSE),0)) | N11: =SUM(I11:M11) | U11: =SUM(O11:T11) | V11: =N11-U11
B12: =IF(A12="","",IFERROR(VLOOKUP(A12,'マスタ'!$A:$F,2,FALSE),"")) | C12: =IF(A12="","",IFERROR(VLOOKUP(A12,'マスタ'!$A:$F,3,FALSE),"")) | I12: =IF(A12="",0,IFERROR(VLOOKUP(A12,'マスタ'!$A:$F,4,FALSE),0)) | J12: =IF(A12="",0,IFERROR(VLOOKUP(A12,'マスタ'!$A:$F,5,FALSE),0)) | K12: =IF(A12="",0,ROUND(I12/160*1.25*H12,0)) | L12: =IF(A12="",0,IFERROR(VLOOKUP(A12,'マスタ'!$A:$F,6,FALSE),0)) | N12: =SUM(I12:M12) | U12: =SUM(O12:T12) | V12: =N12-U12
B13: =IF(A13="","",IFERROR(VLOOKUP(A13,'マスタ'!$A:$F,2,FALSE),"")) | C13: =IF(A13="","",IFERROR(VLOOKUP(A13,'マスタ'!$A:$F,3,FALSE),"")) | I13: =IF(A13="",0,IFERROR(VLOOKUP(A13,'マスタ'!$A:$F,4,FALSE),0)) | J13: =IF(A13="",0,IFERROR(VLOOKUP(A13,'マスタ'!$A:$F,5,FALSE),0)) | K13: =IF(A13="",0,ROUND(I13/160*1.25*H13,0)) | L13: =IF(A13="",0,IFERROR(VLOOKUP(A13,'マスタ'!$A:$F,6,FALSE),0)) | N13: =SUM(I13:M13) | U13: =SUM(O13:T13) | V13: =N13-U13
B14: =IF(A14="","",IFERROR(VLOOKUP(A14,'マスタ'!$A:$F,2,FALSE),"")) | C14: =IF(A14="","",IFERROR(VLOOKUP(A14,'マスタ'!$A:$F,3,FALSE),"")) | I14: =IF(A14="",0,IFERROR(VLOOKUP(A14,'マスタ'!$A:$F,4,FALSE),0)) | J14: =IF(A14="",0,IFERROR(VLOOKUP(A14,'マスタ'!$A:$F,5,FALSE),0)) | K14: =IF(A14="",0,ROUND(I14/160*1.25*H14,0)) | L14: =IF(A14="",0,IFERROR(VLOOKUP(A14,'マスタ'!$A:$F,6,FALSE),0)) | N14: =SUM(I14:M14) | U14: =SUM(O14:T14) | V14: =N14-U14
A15: 合 計 | D15: =SUM(D5:D14) | E15: =SUM(E5:E14) | F15: =SUM(F5:F14) | G15: =SUM(G5:G14) | H15: =SUM(H5:H14) | I15: =SUM(I5:I14) | J15: =SUM(J5:J14) | K15: =SUM(K5:K14) | ... V15: =SUM(V5:V14)

Sheet 9月
A1: 給与台帳 9月分
A2: 会社名：株式会社サンプル | L2: 作成日：2026年9月
A3: 基本情報 | D3: 勤 怠 情 報 | I3: 支 給 項 目 | O3: 控 除 項 目 | V3: 差引 支給額
A4: 従業員 番号 | B4: 氏名 | C4: 所属 | D4: 所定 労働日数 | E4: 出勤 日数 | F4: 欠勤 日数 | G4: 有給 取得日数 | H4: 残業 時間 | I4: 基本給 | J4: 役職 手当 | K4: 残業 手当 | L4: 通勤 手当 | M4: その他 手当 | N4: 支給 合計 | O4: 健康 保険 | P4: 厚生 年金 | Q4: 雇用 保険 | R4: 所得税 | S4: 住民税 | T4: その他 控除 | U4: 控除 合計 | V4: 差引 支給額
A5: 001 | B5: =IF(A5="","",IFERROR(VLOOKUP(A5,'マスタ'!$A:$F,2,FALSE),"")) | C5: =IF(A5="","",IFERROR(VLOOKUP(A5,'マスタ'!$A:$F,3,FALSE),"")) | D5: 20 | E5: 20 | F5: 0 | G5: 0 | H5: 10 | I5: =IF(A5="",0,IFERROR(VLOOKUP(A5,'マスタ'!$A:$F,4,FALSE),0)) | J5: =IF(A5="",0,IFERROR(VLOOKUP(A5,'マスタ'!$A:$F,5,FALSE),0)) | K5: =IF(A5="",0,ROUND(I5/160*1.25*H5,0)) | L5: =IF(A5="",0,IFERROR(VLOOKUP(A5,'マスタ'!$A:$F,6,FALSE),0)) | M5: 0 | N5: =SUM(I5:M5) | O5: 17500 | P5: 32490 | Q5: 2100 | R5: 8500 | S5: 12000 | T5: 0 | U5: =SUM(O5:T5) | V5: =N5-U5
A6: 002 | B6: =IF(A6="","",IFERROR(VLOOKUP(A6,'マスタ'!$A:$F,2,FALSE),"")) | C6: =IF(A6="","",IFERROR(VLOOKUP(A6,'マスタ'!$A:$F,3,FALSE),"")) | D6: 20 | E6: 19 | F6: 1 | G6: 1 | H6: 5 | I6: =IF(A6="",0,IFERROR(VLOOKUP(A6,'マスタ'!$A:$F,4,FALSE),0)) | J6: =IF(A6="",0,IFERROR(VLOOKUP(A6,'マスタ'!$A:$F,5,FALSE),0)) | K6: =IF(A6="",0,ROUND(I6/160*1.25*H6,0)) | L6: =IF(A6="",0,IFERROR(VLOOKUP(A6,'マスタ'!$A:$F,6,FALSE),0)) | M6: 0 | N6: =SUM(I6:M6) | O6: 14000 | P6: 25990 | Q6: 1680 | R6: 5500 | S6: 9000 | T6: 0 | U6: =SUM(O6:T6) | V6: =N6-U6
A7: 003 | B7: =IF(A7="","",IFERROR(VLOOKUP(A7,'マスタ'!$A:$F,2,FALSE),"")) | C7: =IF(A7="","",IFERROR(VLOOKUP(A7,'マスタ'!$A:$F,3,FALSE),"")) | D7: 20 | E7: 20 | F7: 0 | G7: 2 | H7: 15 | I7: =IF(A7="",0,IFERROR(VLOOKUP(A7,'マスタ'!$A:$F,4,FALSE),0)) | J7: =IF(A7="",0,IFERROR(VLOOKUP(A7,'マスタ'!$A:$F,5,FALSE),0)) | K7: =IF(A7="",0,ROUND(I7/160*1.25*H7,0)) | L7: =IF(A7="",0,IFERROR(VLOOKUP(A7,'マスタ'!$A:$F,6,FALSE),0)) | M7: 0 | N7: =SUM(I7:M7) | O7: 16000 | P7: 29730 | Q7: 1920 | R7: 7000 | S7: 10500 | T7: 0 | U7: =SUM(O7:T7) | V7: =N7-U7
B8: =IF(A8="","",IFERROR(VLOOKUP(A8,'マスタ'!$A:$F,2,FALSE),"")) | C8: =IF(A8="","",IFERROR(VLOOKUP(A8,'マスタ'!$A:$F,3,FALSE),"")) | I8: =IF(A8="",0,IFERROR(VLOOKUP(A8,'マスタ'!$A:$F,4,FALSE),0)) | J8: =IF(A8="",0,IFERROR(VLOOKUP(A8,'マスタ'!$A:$F,5,FALSE),0)) | K8: =IF(A8="",0,ROUND(I8/160*1.25*H8,0)) | L8: =IF(A8="",0,IFERROR(VLOOKUP(A8,'マスタ'!$A:$F,6,FALSE),0)) | N8: =SUM(I8:M8) | U8: =SUM(O8:T8) | V8: =N8-U8
B9: =IF(A9="","",IFERROR(VLOOKUP(A9,'マスタ'!$A:$F,2,FALSE),"")) | C9: =IF(A9="","",IFERROR(VLOOKUP(A9,'マスタ'!$A:$F,3,FALSE),"")) | I9: =IF(A9="",0,IFERROR(VLOOKUP(A9,'マスタ'!$A:$F,4,FALSE),0)) | J9: =IF(A9="",0,IFERROR(VLOOKUP(A9,'マスタ'!$A:$F,5,FALSE),0)) | K9: =IF(A9="",0,ROUND(I9/160*1.25*H9,0)) | L9: =IF(A9="",0,IFERROR(VLOOKUP(A9,'マスタ'!$A:$F,6,FALSE),0)) | N9: =SUM(I9:M9) | U9: =SUM(O9:T9) | V9: =N9-U9
B10: =IF(A10="","",IFERROR(VLOOKUP(A10,'マスタ'!$A:$F,2,FALSE),"")) | C10: =IF(A10="","",IFERROR(VLOOKUP(A10,'マスタ'!$A:$F,3,FALSE),"")) | I10: =IF(A10="",0,IFERROR(VLOOKUP(A10,'マスタ'!$A:$F,4,FALSE),0)) | J10: =IF(A10="",0,IFERROR(VLOOKUP(A10,'マスタ'!$A:$F,5,FALSE),0)) | K10: =IF(A10="",0,ROUND(I10/160*1.25*H10,0)) | L10: =IF(A10="",0,IFERROR(VLOOKUP(A10,'マスタ'!$A:$F,6,FALSE),0)) | N10: =SUM(I10:M10) | U10: =SUM(O10:T10) | V10: =N10-U10
B11: =IF(A11="","",IFERROR(VLOOKUP(A11,'マスタ'!$A:$F,2,FALSE),"")) | C11: =IF(A11="","",IFERROR(VLOOKUP(A11,'マスタ'!$A:$F,3,FALSE),"")) | I11: =IF(A11="",0,IFERROR(VLOOKUP(A11,'マスタ'!$A:$F,4,FALSE),0)) | J11: =IF(A11="",0,IFERROR(VLOOKUP(A11,'マスタ'!$A:$F,5,FALSE),0)) | K11: =IF(A11="",0,ROUND(I11/160*1.25*H11,0)) | L11: =IF(A11="",0,IFERROR(VLOOKUP(A11,'マスタ'!$A:$F,6,FALSE),0)) | N11: =SUM(I11:M11) | U11: =SUM(O11:T11) | V11: =N11-U11
B12: =IF(A12="","",IFERROR(VLOOKUP(A12,'マスタ'!$A:$F,2,FALSE),"")) | C12: =IF(A12="","",IFERROR(VLOOKUP(A12,'マスタ'!$A:$F,3,FALSE),"")) | I12: =IF(A12="",0,IFERROR(VLOOKUP(A12,'マスタ'!$A:$F,4,FALSE),0)) | J12: =IF(A12="",0,IFERROR(VLOOKUP(A12,'マスタ'!$A:$F,5,FALSE),0)) | K12: =IF(A12="",0,ROUND(I12/160*1.25*H12,0)) | L12: =IF(A12="",0,IFERROR(VLOOKUP(A12,'マスタ'!$A:$F,6,FALSE),0)) | N12: =SUM(I12:M12) | U12: =SUM(O12:T12) | V12: =N12-U12
B13: =IF(A13="","",IFERROR(VLOOKUP(A13,'マスタ'!$A:$F,2,FALSE),"")) | C13: =IF(A13="","",IFERROR(VLOOKUP(A13,'マスタ'!$A:$F,3,FALSE),"")) | I13: =IF(A13="",0,IFERROR(VLOOKUP(A13,'マスタ'!$A:$F,4,FALSE),0)) | J13: =IF(A13="",0,IFERROR(VLOOKUP(A13,'マスタ'!$A:$F,5,FALSE),0)) | K13: =IF(A13="",0,ROUND(I13/160*1.25*H13,0)) | L13: =IF(A13="",0,IFERROR(VLOOKUP(A13,'マスタ'!$A:$F,6,FALSE),0)) | N13: =SUM(I13:M13) | U13: =SUM(O13:T13) | V13: =N13-U13
B14: =IF(A14="","",IFERROR(VLOOKUP(A14,'マスタ'!$A:$F,2,FALSE),"")) | C14: =IF(A14="","",IFERROR(VLOOKUP(A14,'マスタ'!$A:$F,3,FALSE),"")) | I14: =IF(A14="",0,IFERROR(VLOOKUP(A14,'マスタ'!$A:$F,4,FALSE),0)) | J14: =IF(A14="",0,IFERROR(VLOOKUP(A14,'マスタ'!$A:$F,5,FALSE),0)) | K14: =IF(A14="",0,ROUND(I14/160*1.25*H14,0)) | L14: =IF(A14="",0,IFERROR(VLOOKUP(A14,'マスタ'!$A:$F,6,FALSE),0)) | N14: =SUM(I14:M14) | U14: =SUM(O14:T14) | V14: =N14-U14
A15: 合 計 | D15: =SUM(D5:D14) | E15: =SUM(E5:E14) | F15: =SUM(F5:F14) | G15: =SUM(G5:G14) | H15: =SUM(H5:H14) | I15: =SUM(I5:I14) | J15: =SUM(J5:J14) | K15: =SUM(K5:K14) | ... V15: =SUM(V5:V14)

Sheet 10月
A1: 給与台帳 10月分
A2: 会社名：株式会社サンプル | L2: 作成日：2026年10月
A3: 基本情報 | D3: 勤 怠 情 報 | I3: 支 給 項 目 | O3: 控 除 項 目 | V3: 差引 支給額
A4: 従業員 番号 | B4: 氏名 | C4: 所属 | D4: 所定 労働日数 | E4: 出勤 日数 | F4: 欠勤 日数 | G4: 有給 取得日数 | H4: 残業 時間 | I4: 基本給 | J4: 役職 手当 | K4: 残業 手当 | L4: 通勤 手当 | M4: その他 手当 | N4: 支給 合計 | O4: 健康 保険 | P4: 厚生 年金 | Q4: 雇用 保険 | R4: 所得税 | S4: 住民税 | T4: その他 控除 | U4: 控除 合計 | V4: 差引 支給額
A5: 001 | B5: =IF(A5="","",IFERROR(VLOOKUP(A5,'マスタ'!$A:$F,2,FALSE),"")) | C5: =IF(A5="","",IFERROR(VLOOKUP(A5,'マスタ'!$A:$F,3,FALSE),"")) | D5: 20 | E5: 20 | F5: 0 | G5: 0 | H5: 10 | I5: =IF(A5="",0,IFERROR(VLOOKUP(A5,'マスタ'!$A:$F,4,FALSE),0)) | J5: =IF(A5="",0,IFERROR(VLOOKUP(A5,'マスタ'!$A:$F,5,FALSE),0)) | K5: =IF(A5="",0,ROUND(I5/160*1.25*H5,0)) | L5: =IF(A5="",0,IFERROR(VLOOKUP(A5,'マスタ'!$A:$F,6,FALSE),0)) | M5: 0 | N5: =SUM(I5:M5) | O5: 17500 | P5: 32490 | Q5: 2100 | R5: 8500 | S5: 12000 | T5: 0 | U5: =SUM(O5:T5) | V5: =N5-U5
A6: 002 | B6: =IF(A6="","",IFERROR(VLOOKUP(A6,'マスタ'!$A:$F,2,FALSE),"")) | C6: =IF(A6="","",IFERROR(VLOOKUP(A6,'マスタ'!$A:$F,3,FALSE),"")) | D6: 20 | E6: 19 | F6: 1 | G6: 1 | H6: 5 | I6: =IF(A6="",0,IFERROR(VLOOKUP(A6,'マスタ'!$A:$F,4,FALSE),0)) | J6: =IF(A6="",0,IFERROR(VLOOKUP(A6,'マスタ'!$A:$F,5,FALSE),0)) | K6: =IF(A6="",0,ROUND(I6/160*1.25*H6,0)) | L6: =IF(A6="",0,IFERROR(VLOOKUP(A6,'マスタ'!$A:$F,6,FALSE),0)) | M6: 0 | N6: =SUM(I6:M6) | O6: 14000 | P6: 25990 | Q6: 1680 | R6: 5500 | S6: 9000 | T6: 0 | U6: =SUM(O6:T6) | V6: =N6-U6
A7: 003 | B7: =IF(A7="","",IFERROR(VLOOKUP(A7,'マスタ'!$A:$F,2,FALSE),"")) | C7: =IF(A7="","",IFERROR(VLOOKUP(A7,'マスタ'!$A:$F,3,FALSE),"")) | D7: 20 | E7: 20 | F7: 0 | G7: 2 | H7: 15 | I7: =IF(A7="",0,IFERROR(VLOOKUP(A7,'マスタ'!$A:$F,4,FALSE),0)) | J7: =IF(A7="",0,IFERROR(VLOOKUP(A7,'マスタ'!$A:$F,5,FALSE),0)) | K7: =IF(A7="",0,ROUND(I7/160*1.25*H7,0)) | L7: =IF(A7="",0,IFERROR(VLOOKUP(A7,'マスタ'!$A:$F,6,FALSE),0)) | M7: 0 | N7: =SUM(I7:M7) | O7: 16000 | P7: 29730 | Q7: 1920 | R7: 7000 | S7: 10500 | T7: 0 | U7: =SUM(O7:T7) | V7: =N7-U7
B8: =IF(A8="","",IFERROR(VLOOKUP(A8,'マスタ'!$A:$F,2,FALSE),"")) | C8: =IF(A8="","",IFERROR(VLOOKUP(A8,'マスタ'!$A:$F,3,FALSE),"")) | I8: =IF(A8="",0,IFERROR(VLOOKUP(A8,'マスタ'!$A:$F,4,FALSE),0)) | J8: =IF(A8="",0,IFERROR(VLOOKUP(A8,'マスタ'!$A:$F,5,FALSE),0)) | K8: =IF(A8="",0,ROUND(I8/160*1.25*H8,0)) | L8: =IF(A8="",0,IFERROR(VLOOKUP(A8,'マスタ'!$A:$F,6,FALSE),0)) | N8: =SUM(I8:M8) | U8: =SUM(O8:T8) | V8: =N8-U8
B9: =IF(A9="","",IFERROR(VLOOKUP(A9,'マスタ'!$A:$F,2,FALSE),"")) | C9: =IF(A9="","",IFERROR(VLOOKUP(A9,'マスタ'!$A:$F,3,FALSE),"")) | I9: =IF(A9="",0,IFERROR(VLOOKUP(A9,'マスタ'!$A:$F,4,FALSE),0)) | J9: =IF(A9="",0,IFERROR(VLOOKUP(A9,'マスタ'!$A:$F,5,FALSE),0)) | K9: =IF(A9="",0,ROUND(I9/160*1.25*H9,0)) | L9: =IF(A9="",0,IFERROR(VLOOKUP(A9,'マスタ'!$A:$F,6,FALSE),0)) | N9: =SUM(I9:M9) | U9: =SUM(O9:T9) | V9: =N9-U9
B10: =IF(A10="","",IFERROR(VLOOKUP(A10,'マスタ'!$A:$F,2,FALSE),"")) | C10: =IF(A10="","",IFERROR(VLOOKUP(A10,'マスタ'!$A:$F,3,FALSE),"")) | I10: =IF(A10="",0,IFERROR(VLOOKUP(A10,'マスタ'!$A:$F,4,FALSE),0)) | J10: =IF(A10="",0,IFERROR(VLOOKUP(A10,'マスタ'!$A:$F,5,FALSE),0)) | K10: =IF(A10="",0,ROUND(I10/160*1.25*H10,0)) | L10: =IF(A10="",0,IFERROR(VLOOKUP(A10,'マスタ'!$A:$F,6,FALSE),0)) | N10: =SUM(I10:M10) | U10: =SUM(O10:T10) | V10: =N10-U10
B11: =IF(A11="","",IFERROR(VLOOKUP(A11,'マスタ'!$A:$F,2,FALSE),"")) | C11: =IF(A11="","",IFERROR(VLOOKUP(A11,'マスタ'!$A:$F,3,FALSE),"")) | I11: =IF(A11="",0,IFERROR(VLOOKUP(A11,'マスタ'!$A:$F,4,FALSE),0)) | J11: =IF(A11="",0,IFERROR(VLOOKUP(A11,'マスタ'!$A:$F,5,FALSE),0)) | K11: =IF(A11="",0,ROUND(I11/160*1.25*H11,0)) | L11: =IF(A11="",0,IFERROR(VLOOKUP(A11,'マスタ'!$A:$F,6,FALSE),0)) | N11: =SUM(I11:M11) | U11: =SUM(O11:T11) | V11: =N11-U11
B12: =IF(A12="","",IFERROR(VLOOKUP(A12,'マスタ'!$A:$F,2,FALSE),"")) | C12: =IF(A12="","",IFERROR(VLOOKUP(A12,'マスタ'!$A:$F,3,FALSE),"")) | I12: =IF(A12="",0,IFERROR(VLOOKUP(A12,'マスタ'!$A:$F,4,FALSE),0)) | J12: =IF(A12="",0,IFERROR(VLOOKUP(A12,'マスタ'!$A:$F,5,FALSE),0)) | K12: =IF(A12="",0,ROUND(I12/160*1.25*H12,0)) | L12: =IF(A12="",0,IFERROR(VLOOKUP(A12,'マスタ'!$A:$F,6,FALSE),0)) | N12: =SUM(I12:M12) | U12: =SUM(O12:T12) | V12: =N12-U12
B13: =IF(A13="","",IFERROR(VLOOKUP(A13,'マスタ'!$A:$F,2,FALSE),"")) | C13: =IF(A13="","",IFERROR(VLOOKUP(A13,'マスタ'!$A:$F,3,FALSE),"")) | I13: =IF(A13="",0,IFERROR(VLOOKUP(A13,'マスタ'!$A:$F,4,FALSE),0)) | J13: =IF(A13="",0,IFERROR(VLOOKUP(A13,'マスタ'!$A:$F,5,FALSE),0)) | K13: =IF(A13="",0,ROUND(I13/160*1.25*H13,0)) | L13: =IF(A13="",0,IFERROR(VLOOKUP(A13,'マスタ'!$A:$F,6,FALSE),0)) | N13: =SUM(I13:M13) | U13: =SUM(O13:T13) | V13: =N13-U13
B14: =IF(A14="","",IFERROR(VLOOKUP(A14,'マスタ'!$A:$F,2,FALSE),"")) | C14: =IF(A14="","",IFERROR(VLOOKUP(A14,'マスタ'!$A:$F,3,FALSE),"")) | I14: =IF(A14="",0,IFERROR(VLOOKUP(A14,'マスタ'!$A:$F,4,FALSE),0)) | J14: =IF(A14="",0,IFERROR(VLOOKUP(A14,'マスタ'!$A:$F,5,FALSE),0)) | K14: =IF(A14="",0,ROUND(I14/160*1.25*H14,0)) | L14: =IF(A14="",0,IFERROR(VLOOKUP(A14,'マスタ'!$A:$F,6,FALSE),0)) | N14: =SUM(I14:M14) | U14: =SUM(O14:T14) | V14: =N14-U14
A15: 合 計 | D15: =SUM(D5:D14) | E15: =SUM(E5:E14) | F15: =SUM(F5:F14) | G15: =SUM(G5:G14) | H15: =SUM(H5:H14) | I15: =SUM(I5:I14) | J15: =SUM(J5:J14) | K15: =SUM(K5:K14) | ... V15: =SUM(V5:V14)

Sheet 11月
A1: 給与台帳 11月分
A2: 会社名：株式会社サンプル | L2: 作成日：2026年11月
A3: 基本情報 | D3: 勤 怠 情 報 | I3: 支 給 項 目 | O3: 控 除 項 目 | V3: 差引 支給額
A4: 従業員 番号 | B4: 氏名 | C4: 所属 | D4: 所定 労働日数 | E4: 出勤 日数 | F4: 欠勤 日数 | G4: 有給 取得日数 | H4: 残業 時間 | I4: 基本給 | J4: 役職 手当 | K4: 残業 手当 | L4: 通勤 手当 | M4: その他 手当 | N4: 支給 合計 | O4: 健康 保険 | P4: 厚生 年金 | Q4: 雇用 保険 | R4: 所得税 | S4: 住民税 | T4: その他 控除 | U4: 控除 合計 | V4: 差引 支給額
A5: 001 | B5: =IF(A5="","",IFERROR(VLOOKUP(A5,'マスタ'!$A:$F,2,FALSE),"")) | C5: =IF(A5="","",IFERROR(VLOOKUP(A5,'マスタ'!$A:$F,3,FALSE),"")) | D5: 20 | E5: 20 | F5: 0 | G5: 0 | H5: 10 | I5: =IF(A5="",0,IFERROR(VLOOKUP(A5,'マスタ'!$A:$F,4,FALSE),0)) | J5: =IF(A5="",0,IFERROR(VLOOKUP(A5,'マスタ'!$A:$F,5,FALSE),0)) | K5: =IF(A5="",0,ROUND(I5/160*1.25*H5,0)) | L5: =IF(A5="",0,IFERROR(VLOOKUP(A5,'マスタ'!$A:$F,6,FALSE),0)) | M5: 0 | N5: =SUM(I5:M5) | O5: 17500 | P5: 32490 | Q5: 2100 | R5: 8500 | S5: 12000 | T5: 0 | U5: =SUM(O5:T5) | V5: =N5-U5
A6: 002 | B6: =IF(A6="","",IFERROR(VLOOKUP(A6,'マスタ'!$A:$F,2,FALSE),"")) | C6: =IF(A6="","",IFERROR(VLOOKUP(A6,'マスタ'!$A:$F,3,FALSE),"")) | D6: 20 | E6: 19 | F6: 1 | G6: 1 | H6: 5 | I6: =IF(A6="",0,IFERROR(VLOOKUP(A6,'マスタ'!$A:$F,4,FALSE),0)) | J6: =IF(A6="",0,IFERROR(VLOOKUP(A6,'マスタ'!$A:$F,5,FALSE),0)) | K6: =IF(A6="",0,ROUND(I6/160*1.25*H6,0)) | L6: =IF(A6="",0,IFERROR(VLOOKUP(A6,'マスタ'!$A:$F,6,FALSE),0)) | M6: 0 | N6: =SUM(I6:M6) | O6: 14000 | P6: 25990 | Q6: 1680 | R6: 5500 | S6: 9000 | T6: 0 | U6: =SUM(O6:T6) | V6: =N6-U6
A7: 003 | B7: =IF(A7="","",IFERROR(VLOOKUP(A7,'マスタ'!$A:$F,2,FALSE),"")) | C7: =IF(A7="","",IFERROR(VLOOKUP(A7,'マスタ'!$A:$F,3,FALSE),"")) | D7: 20 | E7: 20 | F7: 0 | G7: 2 | H7: 15 | I7: =IF(A7="",0,IFERROR(VLOOKUP(A7,'マスタ'!$A:$F,4,FALSE),0)) | J7: =IF(A7="",0,IFERROR(VLOOKUP(A7,'マスタ'!$A:$F,5,FALSE),0)) | K7: =IF(A7="",0,ROUND(I7/160*1.25*H7,0)) | L7: =IF(A7="",0,IFERROR(VLOOKUP(A7,'マスタ'!$A:$F,6,FALSE),0)) | M7: 0 | N7: =SUM(I7:M7) | O7: 16000 | P7: 29730 | Q7: 1920 | R7: 7000 | S7: 10500 | T7: 0 | U7: =SUM(O7:T7) | V7: =N7-U7
B8: =IF(A8="","",IFERROR(VLOOKUP(A8,'マスタ'!$A:$F,2,FALSE),"")) | C8: =IF(A8="","",IFERROR(VLOOKUP(A8,'マスタ'!$A:$F,3,FALSE),"")) | I8: =IF(A8="",0,IFERROR(VLOOKUP(A8,'マスタ'!$A:$F,4,FALSE),0)) | J8: =IF(A8="",0,IFERROR(VLOOKUP(A8,'マスタ'!$A:$F,5,FALSE),0)) | K8: =IF(A8="",0,ROUND(I8/160*1.25*H8,0)) | L8: =IF(A8="",0,IFERROR(VLOOKUP(A8,'マスタ'!$A:$F,6,FALSE),0)) | N8: =SUM(I8:M8) | U8: =SUM(O8:T8) | V8: =N8-U8
B9: =IF(A9="","",IFERROR(VLOOKUP(A9,'マスタ'!$A:$F,2,FALSE),"")) | C9: =IF(A9="","",IFERROR(VLOOKUP(A9,'マスタ'!$A:$F,3,FALSE),"")) | I9: =IF(A9="",0,IFERROR(VLOOKUP(A9,'マスタ'!$A:$F,4,FALSE),0)) | J9: =IF(A9="",0,IFERROR(VLOOKUP(A9,'マスタ'!$A:$F,5,FALSE),0)) | K9: =IF(A9="",0,ROUND(I9/160*1.25*H9,0)) | L9: =IF(A9="",0,IFERROR(VLOOKUP(A9,'マスタ'!$A:$F,6,FALSE),0)) | N9: =SUM(I9:M9) | U9: =SUM(O9:T9) | V9: =N9-U9
B10: =IF(A10="","",IFERROR(VLOOKUP(A10,'マスタ'!$A:$F,2,FALSE),"")) | C10: =IF(A10="","",IFERROR(VLOOKUP(A10,'マスタ'!$A:$F,3,FALSE),"")) | I10: =IF(A10="",0,IFERROR(VLOOKUP(A10,'マスタ'!$A:$F,4,FALSE),0)) | J10: =IF(A10="",0,IFERROR(VLOOKUP(A10,'マスタ'!$A:$F,5,FALSE),0)) | K10: =IF(A10="",0,ROUND(I10/160*1.25*H10,0)) | L10: =IF(A10="",0,IFERROR(VLOOKUP(A10,'マスタ'!$A:$F,6,FALSE),0)) | N10: =SUM(I10:M10) | U10: =SUM(O10:T10) | V10: =N10-U10
B11: =IF(A11="","",IFERROR(VLOOKUP(A11,'マスタ'!$A:$F,2,FALSE),"")) | C11: =IF(A11="","",IFERROR(VLOOKUP(A11,'マスタ'!$A:$F,3,FALSE),"")) | I11: =IF(A11="",0,IFERROR(VLOOKUP(A11,'マスタ'!$A:$F,4,FALSE),0)) | J11: =IF(A11="",0,IFERROR(VLOOKUP(A11,'マスタ'!$A:$F,5,FALSE),0)) | K11: =IF(A11="",0,ROUND(I11/160*1.25*H11,0)) | L11: =IF(A11="",0,IFERROR(VLOOKUP(A11,'マスタ'!$A:$F,6,FALSE),0)) | N11: =SUM(I11:M11) | U11: =SUM(O11:T11) | V11: =N11-U11
B12: =IF(A12="","",IFERROR(VLOOKUP(A12,'マスタ'!$A:$F,2,FALSE),"")) | C12: =IF(A12="","",IFERROR(VLOOKUP(A12,'マスタ'!$A:$F,3,FALSE),"")) | I12: =IF(A12="",0,IFERROR(VLOOKUP(A12,'マスタ'!$A:$F,4,FALSE),0)) | J12: =IF(A12="",0,IFERROR(VLOOKUP(A12,'マスタ'!$A:$F,5,FALSE),0)) | K12: =IF(A12="",0,ROUND(I12/160*1.25*H12,0)) | L12: =IF(A12="",0,IFERROR(VLOOKUP(A12,'マスタ'!$A:$F,6,FALSE),0)) | N12: =SUM(I12:M12) | U12: =SUM(O12:T12) | V12: =N12-U12
B13: =IF(A13="","",IFERROR(VLOOKUP(A13,'マスタ'!$A:$F,2,FALSE),"")) | C13: =IF(A13="","",IFERROR(VLOOKUP(A13,'マスタ'!$A:$F,3,FALSE),"")) | I13: =IF(A13="",0,IFERROR(VLOOKUP(A13,'マスタ'!$A:$F,4,FALSE),0)) | J13: =IF(A13="",0,IFERROR(VLOOKUP(A13,'マスタ'!$A:$F,5,FALSE),0)) | K13: =IF(A13="",0,ROUND(I13/160*1.25*H13,0)) | L13: =IF(A13="",0,IFERROR(VLOOKUP(A13,'マスタ'!$A:$F,6,FALSE),0)) | N13: =SUM(I13:M13) | U13: =SUM(O13:T13) | V13: =N13-U13
B14: =IF(A14="","",IFERROR(VLOOKUP(A14,'マスタ'!$A:$F,2,FALSE),"")) | C14: =IF(A14="","",IFERROR(VLOOKUP(A14,'マスタ'!$A:$F,3,FALSE),"")) | I14: =IF(A14="",0,IFERROR(VLOOKUP(A14,'マスタ'!$A:$F,4,FALSE),0)) | J14: =IF(A14="",0,IFERROR(VLOOKUP(A14,'マスタ'!$A:$F,5,FALSE),0)) | K14: =IF(A14="",0,ROUND(I14/160*1.25*H14,0)) | L14: =IF(A14="",0,IFERROR(VLOOKUP(A14,'マスタ'!$A:$F,6,FALSE),0)) | N14: =SUM(I14:M14) | U14: =SUM(O14:T14) | V14: =N14-U14
A15: 合 計 | D15: =SUM(D5:D14) | E15: =SUM(E5:E14) | F15: =SUM(F5:F14) | G15: =SUM(G5:G14) | H15: =SUM(H5:H14) | I15: =SUM(I5:I14) | J15: =SUM(J5:J14) | K15: =SUM(K5:K14) | ... V15: =SUM(V5:V14)

Sheet 12月
A1: 給与台帳 12月分
A2: 会社名：株式会社サンプル | L2: 作成日：2026年12月
A3: 基本情報 | D3: 勤 怠 情 報 | I3: 支 給 項 目 | O3: 控 除 項 目 | V3: 差引 支給額
A4: 従業員 番号 | B4: 氏名 | C4: 所属 | D4: 所定 労働日数 | E4: 出勤 日数 | F4: 欠勤 日数 | G4: 有給 取得日数 | H4: 残業 時間 | I4: 基本給 | J4: 役職 手当 | K4: 残業 手当 | L4: 通勤 手当 | M4: その他 手当 | N4: 支給 合計 | O4: 健康 保険 | P4: 厚生 年金 | Q4: 雇用 保険 | R4: 所得税 | S4: 住民税 | T4: その他 控除 | U4: 控除 合計 | V4: 差引 支給額
A5: 001 | B5: =IF(A5="","",IFERROR(VLOOKUP(A5,'マスタ'!$A:$F,2,FALSE),"")) | C5: =IF(A5="","",IFERROR(VLOOKUP(A5,'マスタ'!$A:$F,3,FALSE),"")) | D5: 20 | E5: 20 | F5: 0 | G5: 0 | H5: 10 | I5: =IF(A5="",0,IFERROR(VLOOKUP(A5,'マスタ'!$A:$F,4,FALSE),0)) | J5: =IF(A5="",0,IFERROR(VLOOKUP(A5,'マスタ'!$A:$F,5,FALSE),0)) | K5: =IF(A5="",0,ROUND(I5/160*1.25*H5,0)) | L5: =IF(A5="",0,IFERROR(VLOOKUP(A5,'マスタ'!$A:$F,6,FALSE),0)) | M5: 0 | N5: =SUM(I5:M5) | O5: 17500 | P5: 32490 | Q5: 2100 | R5: 8500 | S5: 12000 | T5: 0 | U5: =SUM(O5:T5) | V5: =N5-U5
A6: 002 | B6: =IF(A6="","",IFERROR(VLOOKUP(A6,'マスタ'!$A:$F,2,FALSE),"")) | C6: =IF(A6="","",IFERROR(VLOOKUP(A6,'マスタ'!$A:$F,3,FALSE),"")) | D6: 20 | E6: 19 | F6: 1 | G6: 1 | H6: 5 | I6: =IF(A6="",0,IFERROR(VLOOKUP(A6,'マスタ'!$A:$F,4,FALSE),0)) | J6: =IF(A6="",0,IFERROR(VLOOKUP(A6,'マスタ'!$A:$F,5,FALSE),0)) | K6: =IF(A6="",0,ROUND(I6/160*1.25*H6,0)) | L6: =IF(A6="",0,IFERROR(VLOOKUP(A6,'マスタ'!$A:$F,6,FALSE),0)) | M6: 0 | N6: =SUM(I6:M6) | O6: 14000 | P6: 25990 | Q6: 1680 | R6: 5500 | S6: 9000 | T6: 0 | U6: =SUM(O6:T6) | V6: =N6-U6
A7: 003 | B7: =IF(A7="","",IFERROR(VLOOKUP(A7,'マスタ'!$A:$F,2,FALSE),"")) | C7: =IF(A7="","",IFERROR(VLOOKUP(A7,'マスタ'!$A:$F,3,FALSE),"")) | D7: 20 | E7: 20 | F7: 0 | G7: 2 | H7: 15 | I7: =IF(A7="",0,IFERROR(VLOOKUP(A7,'マスタ'!$A:$F,4,FALSE),0)) | J7: =IF(A7="",0,IFERROR(VLOOKUP(A7,'マスタ'!$A:$F,5,FALSE),0)) | K7: =IF(A7="",0,ROUND(I7/160*1.25*H7,0)) | L7: =IF(A7="",0,IFERROR(VLOOKUP(A7,'マスタ'!$A:$F,6,FALSE),0)) | M7: 0 | N7: =SUM(I7:M7) | O7: 16000 | P7: 29730 | Q7: 1920 | R7: 7000 | S7: 10500 | T7: 0 | U7: =SUM(O7:T7) | V7: =N7-U7
B8: =IF(A8="","",IFERROR(VLOOKUP(A8,'マスタ'!$A:$F,2,FALSE),"")) | C8: =IF(A8="","",IFERROR(VLOOKUP(A8,'マスタ'!$A:$F,3,FALSE),"")) | I8: =IF(A8="",0,IFERROR(VLOOKUP(A8,'マスタ'!$A:$F,4,FALSE),0)) | J8: =IF(A8="",0,IFERROR(VLOOKUP(A8,'マスタ'!$A:$F,5,FALSE),0)) | K8: =IF(A8="",0,ROUND(I8/160*1.25*H8,0)) | L8: =IF(A8="",0,IFERROR(VLOOKUP(A8,'マスタ'!$A:$F,6,FALSE),0)) | N8: =SUM(I8:M8) | U8: =SUM(O8:T8) | V8: =N8-U8
B9: =IF(A9="","",IFERROR(VLOOKUP(A9,'マスタ'!$A:$F,2,FALSE),"")) | C9: =IF(A9="","",IFERROR(VLOOKUP(A9,'マスタ'!$A:$F,3,FALSE),"")) | I9: =IF(A9="",0,IFERROR(VLOOKUP(A9,'マスタ'!$A:$F,4,FALSE),0)) | J9: =IF(A9="",0,IFERROR(VLOOKUP(A9,'マスタ'!$A:$F,5,FALSE),0)) | K9: =IF(A9="",0,ROUND(I9/160*1.25*H9,0)) | L9: =IF(A9="",0,IFERROR(VLOOKUP(A9,'マスタ'!$A:$F,6,FALSE),0)) | N9: =SUM(I9:M9) | U9: =SUM(O9:T9) | V9: =N9-U9
B10: =IF(A10="","",IFERROR(VLOOKUP(A10,'マスタ'!$A:$F,2,FALSE),"")) | C10: =IF(A10="","",IFERROR(VLOOKUP(A10,'マスタ'!$A:$F,3,FALSE),"")) | I10: =IF(A10="",0,IFERROR(VLOOKUP(A10,'マスタ'!$A:$F,4,FALSE),0)) | J10: =IF(A10="",0,IFERROR(VLOOKUP(A10,'マスタ'!$A:$F,5,FALSE),0)) | K10: =IF(A10="",0,ROUND(I10/160*1.25*H10,0)) | L10: =IF(A10="",0,IFERROR(VLOOKUP(A10,'マスタ'!$A:$F,6,FALSE),0)) | N10: =SUM(I10:M10) | U10: =SUM(O10:T10) | V10: =N10-U10
B11: =IF(A11="","",IFERROR(VLOOKUP(A11,'マスタ'!$A:$F,2,FALSE),"")) | C11: =IF(A11="","",IFERROR(VLOOKUP(A11,'マスタ'!$A:$F,3,FALSE),"")) | I11: =IF(A11="",0,IFERROR(VLOOKUP(A11,'マスタ'!$A:$F,4,FALSE),0)) | J11: =IF(A11="",0,IFERROR(VLOOKUP(A11,'マスタ'!$A:$F,5,FALSE),0)) | K11: =IF(A11="",0,ROUND(I11/160*1.25*H11,0)) | L11: =IF(A11="",0,IFERROR(VLOOKUP(A11,'マスタ'!$A:$F,6,FALSE),0)) | N11: =SUM(I11:M11) | U11: =SUM(O11:T11) | V11: =N11-U11
B12: =IF(A12="","",IFERROR(VLOOKUP(A12,'マスタ'!$A:$F,2,FALSE),"")) | C12: =IF(A12="","",IFERROR(VLOOKUP(A12,'マスタ'!$A:$F,3,FALSE),"")) | I12: =IF(A12="",0,IFERROR(VLOOKUP(A12,'マスタ'!$A:$F,4,FALSE),0)) | J12: =IF(A12="",0,IFERROR(VLOOKUP(A12,'マスタ'!$A:$F,5,FALSE),0)) | K12: =IF(A12="",0,ROUND(I12/160*1.25*H12,0)) | L12: =IF(A12="",0,IFERROR(VLOOKUP(A12,'マスタ'!$A:$F,6,FALSE),0)) | N12: =SUM(I12:M12) | U12: =SUM(O12:T12) | V12: =N12-U12
B13: =IF(A13="","",IFERROR(VLOOKUP(A13,'マスタ'!$A:$F,2,FALSE),"")) | C13: =IF(A13="","",IFERROR(VLOOKUP(A13,'マスタ'!$A:$F,3,FALSE),"")) | I13: =IF(A13="",0,IFERROR(VLOOKUP(A13,'マスタ'!$A:$F,4,FALSE),0)) | J13: =IF(A13="",0,IFERROR(VLOOKUP(A13,'マスタ'!$A:$F,5,FALSE),0)) | K13: =IF(A13="",0,ROUND(I13/160*1.25*H13,0)) | L13: =IF(A13="",0,IFERROR(VLOOKUP(A13,'マスタ'!$A:$F,6,FALSE),0)) | N13: =SUM(I13:M13) | U13: =SUM(O13:T13) | V13: =N13-U13
B14: =IF(A14="","",IFERROR(VLOOKUP(A14,'マスタ'!$A:$F,2,FALSE),"")) | C14: =IF(A14="","",IFERROR(VLOOKUP(A14,'マスタ'!$A:$F,3,FALSE),"")) | I14: =IF(A14="",0,IFERROR(VLOOKUP(A14,'マスタ'!$A:$F,4,FALSE),0)) | J14: =IF(A14="",0,IFERROR(VLOOKUP(A14,'マスタ'!$A:$F,5,FALSE),0)) | K14: =IF(A14="",0,ROUND(I14/160*1.25*H14,0)) | L14: =IF(A14="",0,IFERROR(VLOOKUP(A14,'マスタ'!$A:$F,6,FALSE),0)) | N14: =SUM(I14:M14) | U14: =SUM(O14:T14) | V14: =N14-U14
A15: 合 計 | D15: =SUM(D5:D14) | E15: =SUM(E5:E14) | F15: =SUM(F5:F14) | G15: =SUM(G5:G14) | H15: =SUM(H5:H14) | I15: =SUM(I5:I14) | J15: =SUM(J5:J14) | K15: =SUM(K5:K14) | ... V15: =SUM(V5:V14)

Sheet 年間累計
A1: 年間給与累計一覧
A2: 会社名：株式会社サンプル
A3: ■ 支給合計 （単位：円）
A4: 従業員番号 | B4: 氏名 | C4: 所属 | D4: 1月 | E4: 2月 | F4: 3月 | G4: 4月 | H4: 5月 | I4: 6月 | J4: 7月 | K4: 8月 | L4: 9月 | M4: 10月 | N4: 11月 | O4: 12月 | P4: 年間合計
A5: 001 | B5: 山田 太郎 | C5: 営業部 | D5: =IFERROR('1月'!N5,0) | E5: =IFERROR('2月'!N5,0) | F5: =IFERROR('3月'!N5,0) | G5: =IFERROR('4月'!N5,0) | H5: =IFERROR('5月'!N5,0) | I5: =IFERROR('6月'!N5,0) | J5: =IFERROR('7月'!N5,0) | K5: =IFERROR('8月'!N5,0) | L5: =IFERROR('9月'!N5,0) | M5: =IFERROR('10月'!N5,0) | N5: =IFERROR('11月'!N5,0) | O5: =IFERROR('12月'!N5,0) | P5: =IF(A5="","",SUM(D5:O5))
A6: 002 | B6: 鈴木 花子 | C6: 経理部 | D6: =IFERROR('1月'!N6,0) | E6: =IFERROR('2月'!N6,0) | F6: =IFERROR('3月'!N6,0) | G6: =IFERROR('4月'!N6,0) | H6: =IFERROR('5月'!N6,0) | I6: =IFERROR('6月'!N6,0) | J6: =IFERROR('7月'!N6,0) | K6: =IFERROR('8月'!N6,0) | L6: =IFERROR('9月'!N6,0) | M6: =IFERROR('10月'!N6,0) | N6: =IFERROR('11月'!N6,0) | O6: =IFERROR('12月'!N6,0) | P6: =IF(A6="","",SUM(D6:O6))
A7: 003 | B7: 田中 一郎 | C7: 総務部 | D7: =IFERROR('1月'!N7,0) | E7: =IFERROR('2月'!N7,0) | F7: =IFERROR('3月'!N7,0) | G7: =IFERROR('4月'!N7,0) | H7: =IFERROR('5月'!N7,0) | I7: =IFERROR('6月'!N7,0) | J7: =IFERROR('7月'!N7,0) | K7: =IFERROR('8月'!N7,0) | L7: =IFERROR('9月'!N7,0) | M7: =IFERROR('10月'!N7,0) | N7: =IFERROR('11月'!N7,0) | O7: =IFERROR('12月'!N7,0) | P7: =IF(A7="","",SUM(D7:O7))
P8: =IF(A8="","",SUM(D8:O8))
P9: =IF(A9="","",SUM(D9:O9))
P10: =IF(A10="","",SUM(D10:O10))
P11: =IF(A11="","",SUM(D11:O11))
P12: =IF(A12="","",SUM(D12:O12))
P13: =IF(A13="","",SUM(D13:O13))
P14: =IF(A14="","",SUM(D14:O14))
A15: 合 計 | D15: =SUM(D5:D14) | E15: =SUM(E5:E14) | F15: =SUM(F5:F14) | G15: =SUM(G5:G14) | H15: =SUM(H5:H14) | I15: =SUM(I5:I14) | J15: =SUM(J5:J14) | K15: =SUM(K5:K14) | ... P15: =SUM(P5:P14)
A17: ■ 控除合計 （単位：円）
A18: 従業員番号 | B18: 氏名 | C18: 所属 | D18: 1月 | E18: 2月 | F18: 3月 | G18: 4月 | H18: 5月 | I18: 6月 | J18: 7月 | K18: 8月 | L18: 9月 | M18: 10月 | N18: 11月 | O18: 12月 | P18: 年間合計
A19: 001 | B19: 山田 太郎 | C19: 営業部 | D19: =IFERROR('1月'!U5,0) | E19: =IFERROR('2月'!U5,0) | F19: =IFERROR('3月'!U5,0) | G19: =IFERROR('4月'!U5,0) | H19: =IFERROR('5月'!U5,0) | I19: =IFERROR('6月'!U5,0) | J19: =IFERROR('7月'!U5,0) | K19: =IFERROR('8月'!U5,0) | L19: =IFERROR('9月'!U5,0) | M19: =IFERROR('10月'!U5,0) | N19: =IFERROR('11月'!U5,0) | O19: =IFERROR('12月'!U5,0) | P19: =IF(A19="","",SUM(D19:O19))
A20: 002 | B20: 鈴木 花子 | C20: 経理部 | D20: =IFERROR('1月'!U6,0) | E20: =IFERROR('2月'!U6,0) | F20: =IFERROR('3月'!U6,0) | G20: =IFERROR('4月'!U6,0) | H20: =IFERROR('5月'!U6,0) | I20: =IFERROR('6月'!U6,0) | J20: =IFERROR('7月'!U6,0) | K20: =IFERROR('8月'!U6,0) | L20: =IFERROR('9月'!U6,0) | M20: =IFERROR('10月'!U6,0) | N20: =IFERROR('11月'!U6,0) | O20: =IFERROR('12月'!U6,0) | P20: =IF(A20="","",SUM(D20:O20))
A21: 003 | B21: 田中 一郎 | C21: 総務部 | D21: =IFERROR('1月'!U7,0) | E21: =IFERROR('2月'!U7,0) | F21: =IFERROR('3月'!U7,0) | G21: =IFERROR('4月'!U7,0) | H21: =IFERROR('5月'!U7,0) | I21: =IFERROR('6月'!U7,0) | J21: =IFERROR('7月'!U7,0) | K21: =IFERROR('8月'!U7,0) | L21: =IFERROR('9月'!U7,0) | M21: =IFERROR('10月'!U7,0) | N21: =IFERROR('11月'!U7,0) | O21: =IFERROR('12月'!U7,0) | P21: =IF(A21="","",SUM(D21:O21))
P22: =IF(A22="","",SUM(D22:O22))
P23: =IF(A23="","",SUM(D23:O23))
P24: =IF(A24="","",SUM(D24:O24))
P25: =IF(A25="","",SUM(D25:O25))
P26: =IF(A26="","",SUM(D26:O26))
P27: =IF(A27="","",SUM(D27:O27))
P28: =IF(A28="","",SUM(D28:O28))
A29: 合 計 | D29: =SUM(D19:D28) | E29: =SUM(E19:E28) | F29: =SUM(F19:F28) | G29: =SUM(G19:G28) | H29: =SUM(H19:H28) | I29: =SUM(I19:I28) | J29: =SUM(J19:J28) | K29: =SUM(K19:K28) | ... P29: =SUM(P19:P28)
A31: ■ 差引支給額 （単位：円）
A32: 従業員番号 | B32: 氏名 | C32: 所属 | D32: 1月 | E32: 2月 | F32: 3月 | G32: 4月 | H32: 5月 | I32: 6月 | J32: 7月 | K32: 8月 | L32: 9月 | M32: 10月 | N32: 11月 | O32: 12月 | P32: 年間合計
A33: 001 | B33: 山田 太郎 | C33: 営業部 | D33: =IFERROR('1月'!V5,0) | E33: =IFERROR('2月'!V5,0) | F33: =IFERROR('3月'!V5,0) | G33: =IFERROR('4月'!V5,0) | H33: =IFERROR('5月'!V5,0) | I33: =IFERROR('6月'!V5,0) | J33: =IFERROR('7月'!V5,0) | K33: =IFERROR('8月'!V5,0) | L33: =IFERROR('9月'!V5,0) | M33: =IFERROR('10月'!V5,0) | N33: =IFERROR('11月'!V5,0) | O33: =IFERROR('12月'!V5,0) | P33: =IF(A33="","",SUM(D33:O33))
A34: 002 | B34: 鈴木 花子 | C34: 経理部 | D34: =IFERROR('1月'!V6,0) | E34: =IFERROR('2月'!V6,0) | F34: =IFERROR('3月'!V6,0) | G34: =IFERROR('4月'!V6,0) | H34: =IFERROR('5月'!V6,0) | I34: =IFERROR('6月'!V6,0) | J34: =IFERROR('7月'!V6,0) | K34: =IFERROR('8月'!V6,0) | L34: =IFERROR('9月'!V6,0) | M34: =IFERROR('10月'!V6,0) | N34: =IFERROR('11月'!V6,0) | O34: =IFERROR('12月'!V6,0) | P34: =IF(A34="","",SUM(D34:O34))
A35: 003 | B35: 田中 一郎 | C35: 総務部 | D35: =IFERROR('1月'!V7,0) | E35: =IFERROR('2月'!V7,0) | F35: =IFERROR('3月'!V7,0) | G35: =IFERROR('4月'!V7,0) | H35: =IFERROR('5月'!V7,0) | I35: =IFERROR('6月'!V7,0) | J35: =IFERROR('7月'!V7,0) | K35: =IFERROR('8月'!V7,0) | L35: =IFERROR('9月'!V7,0) | M35: =IFERROR('10月'!V7,0) | N35: =IFERROR('11月'!V7,0) | O35: =IFERROR('12月'!V7,0) | P35: =IF(A35="","",SUM(D35:O35))
P36: =IF(A36="","",SUM(D36:O36))
P37: =IF(A37="","",SUM(D37:O37))
P38: =IF(A38="","",SUM(D38:O38))
P39: =IF(A39="","",SUM(D39:O39))
P40: =IF(A40="","",SUM(D40:O40))
P41: =IF(A41="","",SUM(D41:O41))
P42: =IF(A42="","",SUM(D42:O42))
A43: 合 計 | D43: =SUM(D33:D42) | E43: =SUM(E33:E42) | F43: =SUM(F33:F42) | G43: =SUM(G33:G42) | H43: =SUM(H33:H42) | I43: =SUM(I33:I42) | J43: =SUM(J33:J42) | K43: =SUM(K33:K42) | ... P43: =SUM(P33:P42)
